"","baseMean","log2FoldChange","lfcSE","stat","pvalue","padj"
"SERPINH1",2.29171586374318,-0.91160631076475,2.06650154090821,-0.44113507428797,0.659115212767675,0.997746015806017
"FN1",16.0793173680542,-3.08180761441574,1.13008009456072,-2.72707008047396,0.00638994661466246,0.801994164768703
"TUBB",3.86900461406288,0.3290068570217,1.66818946763604,0.197223914552062,0.843652317033905,0.997746015806017
"FBLN1",28.0430943032813,-0.853487991662866,0.872940128471258,-0.97771652811693,0.328214544866214,0.997746015806017
"CD55",7.37915299199123,-0.64404121067254,1.35698708336895,-0.474611157737478,0.635064151931422,0.997746015806017
"PROCR",3.2671552792587,-0.68981497447301,1.73064691935493,-0.398587930766447,0.690196856081754,0.997746015806017
"HEG1",2.54135236586266,0.294558262238458,2.0629158052298,0.142787340855942,0.886458135165133,0.997746015806017
"NFKBIA",3.49943646966196,-0.258571435149802,1.64004827668715,-0.15766086817402,0.874724037429434,0.997746015806017
"ATP5O",2.50228472735587,-0.596627788112905,1.95977288407644,-0.304437209515771,0.760794823154026,0.997746015806017
"COL1A1",26.7303754107589,-1.00256122952678,1.0562834211894,-0.949140362723739,0.342549228238748,0.997746015806017
"FOXO3",2.08114700013049,-1.28130276336936,2.19002084075758,-0.58506418730067,0.558504558118573,0.997746015806017
"COL14A1",4.69450798031218,-1.13686755192028,1.49868700227134,-0.758575706733487,0.448106409448526,0.997746015806017
"COL1A2",18.3911288535627,-1.85470100015701,1.04898215806443,-1.76809584977049,0.0770448811593946,0.997746015806017
"CFD",41.9841540159905,0.0997531116502956,0.823830299529989,0.121084538535675,0.903624075524473,0.997746015806017
"TACC1",4.25001504119586,0.16035085345584,1.55304730076018,0.10324917559005,0.917765211951303,0.997746015806017
"S100A4",14.1469976477768,0.162906190768154,1.06857040435175,0.152452463688606,0.878830080579035,0.997746015806017
"SPARC",10.1289898835135,-2.94956038308474,1.4147226659613,-2.08490360270049,0.0370780515933306,0.997746015806017
"MMP2",7.36970858737685,-0.564819611392056,1.39382880705363,-0.405228826189933,0.685309317879487,0.997746015806017
"TGFBR2",3.89542315730111,-0.354482385187949,1.72318573005027,-0.205713394096878,0.837014795351312,0.997746015806017
"RTN4",4.03256875199187,-0.57764766025074,1.7038552301976,-0.339023908846849,0.734591718983751,0.997746015806017
"TIMP2",9.59054198114611,-1.15205112295134,1.2657422865403,-0.910178268674491,0.362728502773925,0.997746015806017
"C3",9.09879569741755,1.07414364910906,1.20928311222067,0.88824828384195,0.37440721158418,0.997746015806017
"GPNMB",3.23767340467319,-0.752305117487307,1.88242867204195,-0.399646015097746,0.689417259372496,0.997746015806017
"EMP3",3.47555872537174,-0.243244188214151,1.65328163941561,-0.147128101114176,0.883030909753955,0.997746015806017
"ZBTB16",6.47346990210453,0.841414268347306,1.4397407373798,0.584420685267685,0.558937313212002,0.997746015806017
"COL6A1",15.104117354969,0.117421517426254,1.01783603452514,0.11536388322215,0.908156704799113,0.997746015806017
"ERRFI1",2.52653785309446,-1.60099340756488,1.99300719602719,-0.803305382316858,0.421798247777231,0.997746015806017
"PMP22",9.91254788224592,0.178388345682921,1.29286962959814,0.137978603255124,0.890257327915467,0.997746015806017
"FBLN5",6.42413221953921,0.0786923498722326,1.30656758027473,0.0602283043451042,0.951973803020634,0.997746015806017
"SFPQ",2.42196364441157,0.425921392308018,2.08292151638525,0.204482688837539,0.837976318508537,0.997746015806017
"LGALS1",2.25571155658367,-0.39925727503488,2.09788735634649,-0.190313971733064,0.849063105873185,0.997746015806017
"CD81",11.4304917103022,-0.115073141469567,1.09305108476005,-0.105277002213331,0.916156011128149,0.997746015806017
"S100A11",3.46343216250245,0.127502510682786,1.64303790428503,0.0776016854816679,0.938144901606062,0.997746015806017
"CBLB",2.22224804837217,-1.10142186260549,2.06861483425545,-0.532444147826061,0.59441841528691,0.997746015806017
"TMEM59",2.79482335065723,-1.51484812793756,1.95967975790366,-0.773007998795708,0.439517646822044,0.997746015806017
"RBMS1",3.46597296145046,-0.839002417807572,1.68718864218413,-0.49727836996428,0.618992762732556,0.997746015806017
"MFAP5",24.4477315836808,-2.40456872330403,1.10324712389567,-2.17953772207742,0.0292917455532874,0.997746015806017
"TPP1",1.68351163574697,-0.88983398955548,2.33418486765733,-0.381218301037375,0.703041270367914,0.997746015806017
"RP4-614C10.2",2.5153092040728,0.546805794278327,2.0480833229988,0.266984154471653,0.789481361305656,0.997746015806017
"PLAC9",2.27000353695261,-1.13507533877349,2.05925022214017,-0.551208069116444,0.581491049233925,0.997746015806017
"C1R",19.555866258753,-0.157098551497885,0.930792305972952,-0.168779383423965,0.865970175308961,0.997746015806017
"GLUL",5.10891543289716,0.42620790922728,1.59166203604321,0.267775381692719,0.788872221481637,0.997746015806017
"ANXA5",1.65963389145675,-0.887696275036676,2.54471320588196,-0.348839418518683,0.727209868372888,0.997746015806017
"DDX5",1.97567487759996,-0.899037123770175,2.2175317328107,-0.405422439042464,0.685167019691466,0.997746015806017
"IGFBP7",4.64152374288482,-1.75591800601627,1.76270197834466,-0.996151378728943,0.319176599251486,0.997746015806017
"SERPING1",15.1029163340765,0.086119597970239,1.07194883048341,0.0803392806832043,0.935967417697627,0.997746015806017
"LAPTM4A",4.18833716205085,-1.53394092025431,1.64323660432208,-0.933487555121215,0.350568292986054,0.997746015806017
"KLF4",6.55946159810363,-0.387595830554949,1.37103680885119,-0.282702716697825,0.777404733544824,0.997746015806017
"ITM2B",4.57130516461707,-0.6936163341493,1.59317709819504,-0.43536674920517,0.663296241625619,0.997746015806017
"C1QTNF3",1.90620706222895,-1.11269574507571,2.19815212309729,-0.506195969507278,0.612719084170567,0.997746015806017
"ISLR",4.38856949884552,-0.873257390760412,4.16795120253435,-0.20951718202205,0.834044523713411,0.997746015806017
"FBN1",30.4085543292784,-1.55732570927425,0.905929963354488,-1.71903543570605,0.0856079197482744,0.997746015806017
"FGFR1",11.183903942743,1.4982891177064,1.14393553731399,1.30976708812146,0.19027464019103,0.997746015806017
"TSC22D3",5.87162056730035,0.500617040253212,1.38025895798263,0.362697910676781,0.716830560636739,0.997746015806017
"TIMP1",6.75177723615246,-1.20189417704683,1.31970477166992,-0.910729583500694,0.362437872626479,0.997746015806017
"PRELP",4.10128580446615,0.532714122196582,1.64735314696106,0.323375788111555,0.746410663635679,0.997746015806017
"CD34",3.72213189614395,-0.418970907609643,1.60444586495136,-0.26113122091679,0.793991315902392,0.997746015806017
"COL5A2",5.03226129324598,-0.971316299105546,1.45158970187698,-0.669139701011646,0.50340636668317,0.997746015806017
"FBLN2",5.16034365641472,-0.129675181860292,1.66447000405819,-0.0779077913955357,0.937901401614074,0.997746015806017
"SERPINF1",3.88188193982891,-1.07882256949136,1.71029380699076,-0.630782012471611,0.528183066162295,0.997746015806017
"CRISPLD2",3.75178131011143,0.27959277465964,1.68208290837269,0.166218188929896,0.867985245862462,0.997746015806017
"EFEMP1",14.81226342316,-2.29135139531752,1.1623086923994,-1.97137938509898,0.0486804972241964,0.997746015806017
"COL3A1",20.9455925673328,-2.53947201625002,1.12961195157895,-2.24809237605923,0.0245703001264592,0.997746015806017
"IGFBP5",14.1487677695747,-0.0944515524539427,2.51603155456476,-0.0375398918517465,0.970054533451334,0.997746015806017
"MT-CO2",95.3756662597139,0.975553916972108,0.888780985704702,1.09763139925704,0.272365476181394,0.997746015806017
"MT-CO1",173.454104570394,-0.517054811676633,0.786705175410575,-0.657240892570442,0.511026035618624,0.997746015806017
"LINC00486",207.354662444383,0.0568656494766301,0.713705130794312,0.0796766718117074,0.936494413650914,0.997746015806017
"RPL13",15.1176701557292,1.40035810842996,1.03634489897113,1.35124716667223,0.176616270084825,0.997746015806017
"RPL3",10.5026460356292,0.344542142375788,1.13090831460425,0.30465965978538,0.760625376637516,0.997746015806017
"RPL13A",15.9276082463136,0.856287594311571,1.00557211415869,0.851542701169658,0.394467953467728,0.997746015806017
"MT-RNR2",195.473060269944,-0.336107285499134,0.78262071778574,-0.42946382310205,0.667585715797513,0.997746015806017
"RP5-857K21.4",331.191166697073,0.858217486182756,0.846238020247715,1.01415614241905,0.310508252227328,0.997746015806017
"HSP90AA1",3.24327753496848,-0.676618189644282,1.72048363607652,-0.393272086671674,0.694118532348545,0.997746015806017
"RPS13",6.45542451860707,-0.588804537487517,1.40418510550785,-0.419321167257762,0.674981428882117,0.997746015806017
"RPL37",6.98997724718388,0.674668471768836,1.33899141097919,0.503863181075566,0.61435752544315,0.997746015806017
"RPL37A",8.93525194791963,0.559531003417237,1.17416216945086,0.476536391628869,0.633692287405152,0.997746015806017
"ARMC9",3.03233328990742,-0.0451631327041525,1.7628406744168,-0.0256195204476399,0.97956081611398,0.997746015806017
"CH507-513H4.5",25.8028493325298,2.4480613195648,1.05703977894007,2.31595950156157,0.0205604800141776,0.997746015806017
"MT-RNR1",25.0324441465903,0.386844104232033,0.988764426129499,0.391239909132175,0.695619911343141,0.997746015806017
"MT-ND2",111.696729611217,0.398295096315391,0.853377092429179,0.4667281320871,0.640694399815562,0.997746015806017
"MT-ND1",166.845555217379,0.663854073161841,0.777982895295171,0.853301630635429,0.39349205604372,0.997746015806017
"RBFOX2",11.0006054418877,1.17092424171042,1.13242241525025,1.0339995269801,0.301136384367298,0.997746015806017
"RPL32",4.71292874525801,0.705768226340365,1.46735713571006,0.48097917621046,0.630531298752341,0.997746015806017
"LPP",2.0568938743919,-0.191136207807878,2.15873831060158,-0.0885407030899513,0.929446934964295,0.997746015806017
"ACTB",27.9936090584099,-0.0944283280298008,0.91952475869469,-0.102692534526037,0.918206998904254,0.997746015806017
"MT-ATP6",162.795050880833,0.38964865588548,0.833925769456265,0.467246210822264,0.640323735308983,0.997746015806017
"MT-ND4",251.719901093441,0.231521847924836,0.79196513530439,0.292338434615371,0.770027875060577,0.997746015806017
"MT-ND5",7.49022924481706,-0.704231158023426,1.26243425882662,-0.557835905592408,0.576956441918011,0.997746015806017
"MT-CO3",221.710570290176,0.713300602519663,0.831669193566974,0.857673469255684,0.391072793844614,0.997746015806017
"RPL23A",3.82506321972646,0.153676607404352,1.60924691370782,0.0954959777118791,0.923920884981879,0.997746015806017
"RPS14",10.5284813553526,0.644246519815875,1.10199830353481,0.584616616694748,0.558805532093154,0.997746015806017
"B2M",20.6957823228322,-0.813260466613307,0.967679778384425,-0.840423128373183,0.400671185843112,0.997746015806017
"RPS28",10.8318732462273,0.0810495881786951,1.10529625157701,0.0733283841893568,0.941544805177795,0.997746015806017
"EIF1",5.45250110662372,-1.38097494830262,1.49542174629598,-0.923468547734555,0.355763083774411,0.997746015806017
"RPS8",9.8079275792346,0.478531422894243,1.19124571579965,0.401706731489075,0.687899869900227,0.997746015806017
"RPS20",10.4324478457925,0.0204870278159996,1.14613949495593,0.0178748118411077,0.985738723042916,0.997746015806017
"LGALS4",3.43955441821223,0.143787759252418,1.66819084343511,0.0861938307707843,0.931312334789525,0.997746015806017
"MT-CYB",161.74818956219,0.0486246586592977,0.761355374453282,0.0638659163524187,0.94907699166189,0.997746015806017
"FABP1",3.55408977226477,-1.48954113713333,1.87805281947731,-0.793130588067214,0.427701743177354,0.997746015806017
"TMSB4X",46.0987678155736,-0.690368771969938,0.797460211590722,-0.86570936322056,0.386649564023542,0.997746015806017
"MT-ND3",38.5479023315558,1.31372189955233,0.855239740761515,1.5360861252572,0.124517258724878,0.997746015806017
"CHCHD3",6.50587374873042,1.51704984921229,1.31958301999898,1.14964335416612,0.25029079402334,0.997746015806017
"S100A6",25.00380829988,0.0555101783671411,0.882307269697632,0.0629147920158978,0.94983435585496,0.997746015806017
"CH507-528H12.1",8.35472496167059,5.15489975027772,1.90453043498949,2.70665128557326,0.00679656071837884,0.801994164768703
"RPS16",7.30549570092783,-0.261050505450214,1.3816293122449,-0.18894395416818,0.850136743529047,0.997746015806017
"RPL14",7.73261293989687,-0.269165957965197,1.24429964804365,-0.216319243028311,0.828738910379343,0.997746015806017
"RPS3A",8.85313503728005,-0.0820340631157699,1.20208779256023,-0.0682429882604933,0.945592207029264,0.997746015806017
"RPL9",6.61644785758804,-0.747673318282699,1.4565517686501,-0.51331736665675,0.607729337764437,0.997746015806017
"RP11-388G22.1",17.3017741853396,2.41487595572227,1.25078965493344,1.93068110708893,0.0535225007336495,0.997746015806017
"RPLP2",9.77865354671549,0.0381275616014213,1.14729688313765,0.0332325156302608,0.973489168712535,0.997746015806017
"RPL29",3.59240664787483,0.529405354295949,1.64346145718801,0.322128244614735,0.747355541666677,0.997746015806017
"RPS26",2.94730019887146,-0.172905476354581,1.86926710591266,-0.0924990739994649,0.926301526909563,0.997746015806017
"RPL41",9.30863418656456,0.66709703228513,1.16427906361225,0.572970049135316,0.566664973486247,0.997746015806017
"CCSER1",17.3643733802624,0.181910211548473,0.993128624929702,0.183168833303289,0.854665548041562,0.997746015806017
"RACK1",7.15389637813017,0.955379787527161,1.29074231257514,0.740178560987204,0.459191654508033,0.997746015806017
"PLP2",2.38722684090406,-0.978556660277006,2.04897124572944,-0.477584379144684,0.632946051140451,0.997746015806017
"RPL12",5.16954824724363,-0.593882389371004,1.50837261526796,-0.3937239269393,0.693784874178257,0.997746015806017
"RPS11",6.41110774282228,-0.384207430003124,1.31461419593597,-0.292258695509961,0.770088836988969,0.997746015806017
"RPL4",6.13069568239021,-0.178830659573798,1.33739882505174,-0.133715280904991,0.893627721266355,0.997746015806017
"IRF2BP2",3.46507504760283,-2.10528941005731,1.80268235516057,-1.16786487870726,0.242861272939721,0.997746015806017
"RPL34",16.6667445351154,1.02131552982701,0.981975206548083,1.04006244049401,0.298310892124404,0.997746015806017
"PCOLCE2",4.68021599994325,-0.664621843978473,1.49369484951644,-0.444951553654773,0.656354765178738,0.997746015806017
"RPS6",8.69518082129036,1.42857308742135,1.18800820302591,1.20249429573188,0.229172074860861,0.997746015806017
"MT-TS1",9.53025535467387,5.34894182654129,1.939388143127,2.75805637231382,0.00581461696010639,0.801994164768703
"RPS2",9.51613971882997,0.292360048160572,1.2047205219887,0.242678731560044,0.808254284755326,0.997746015806017
"RPL8",7.18174996440238,-0.00591987018835373,1.2719957793508,-0.00465400143967073,0.996286657510336,0.997746015806017
"GNAS",6.03137061098531,-0.0202747191571028,1.44324223301,-0.0140480362155272,0.988791657451307,0.997746015806017
"MT-ND6",8.3567578250064,-0.618447388497659,1.19444894016011,-0.5177679578457,0.604620176929169,0.997746015806017
"BCOR",12.6323134726687,1.00329278002156,4.58622412032814,0.218762265798247,0.826835242413945,0.997746015806017
"RPL36A",5.29979602791202,0.00604610307730371,1.40093104126294,0.00431577493768226,0.996556520498985,0.997746015806017
"CST3",16.7523754464532,-0.203273889696236,0.981896205239522,-0.207021769318937,0.835992857306336,0.997746015806017
"ABLIM1",3.15861982538089,-1.46913602900953,1.82743522065316,-0.803933300839211,0.421435496637009,0.997746015806017
"COL6A3",7.70656977810701,-0.198166633357594,1.26844483734585,-0.156228026259499,0.875853286202529,0.997746015806017
"RPL7A",12.2673912649552,-0.911236037856032,1.19799342284188,-0.760635259327552,0.446874953583517,0.997746015806017
"RPL38",2.55131351123231,-0.0160273143818114,1.92214965720474,-0.00833822398882248,0.993347136906029,0.997746015806017
"RPS18",8.26064323589968,1.1706105987226,1.21717758958708,0.961741826942214,0.336179306121659,0.997746015806017
"RPS29",14.0552342821005,0.541749717208723,1.0089034968069,0.536968817060622,0.591289153880914,0.997746015806017
"TAGLN2",8.38153348314425,-0.0921058202283196,1.19207472609184,-0.0772651396865734,0.938412622476145,0.997746015806017
"RPL10A",12.5331213667829,0.486863649525026,1.08789673905266,0.447527446353949,0.654494275476983,0.997746015806017
"RPS27",10.2837186090628,0.0993312460679403,1.28909272478582,0.0770551599260974,0.938579664087064,0.997746015806017
"RPS15A",7.57863456588917,0.424879455162649,1.28865749994224,0.329707044099531,0.741621330690589,0.997746015806017
"NPC2",4.31858494271923,-0.783782312311722,1.52997933590198,-0.512282939984711,0.608453003234754,0.997746015806017
"PCDH15",12.9497461228399,2.60766152865469,2.62551381738526,0.993200459044487,0.320612274695127,0.997746015806017
"STEAP1B",22.2398415870819,-0.875071345364028,0.945355199157102,-0.925653496319965,0.354626082456005,0.997746015806017
"SCHLAP1",11.0310663098674,-0.176588023199379,1.10358052141825,-0.160013718774629,0.872870267446423,0.997746015806017
"ERGIC1",2.92507113132562,-0.392658003560148,1.99224488588661,-0.197093242071696,0.843754571752031,0.997746015806017
"EEF1A1",30.0037322292595,-0.396854252002469,0.852041144285072,-0.46576888295161,0.641380940584336,0.997746015806017
"RPL27A",14.36258741817,0.727214254323253,1.01806887229222,0.714307522914339,0.475037041392575,0.997746015806017
"ZFP36L2",4.02298298807059,-0.977389071173139,1.65169636410188,-0.59174863638124,0.554018922648605,0.997746015806017
"RPL11",8.27839431749534,0.15828246964403,1.23601856536943,0.128058327017703,0.898102814670653,0.997746015806017
"H3F3A",5.44089707615369,0.0401336645908214,1.41373189087542,0.0283884553003678,0.977352331827528,0.997746015806017
"RPL15",10.6104511150413,0.336480387071258,1.11583650936365,0.301549899333505,0.762995205460242,0.997746015806017
"RPL6",2.71068817346891,-0.220196734573387,2.1346013887686,-0.10315590336068,0.917839237158996,0.997746015806017
"CNTN4",4.6836547127389,-0.46259299109282,1.52873335570706,-0.302598873352158,0.762195573174954,0.997746015806017
"HLA-A",15.0774705812333,1.08627452825083,1.0607758169143,1.02403779472529,0.305817423706264,0.997746015806017
"RPS12",16.9699746782521,1.06938352812045,0.990465300762842,1.07967793247964,0.280285624041347,0.997746015806017
"OAZ1",5.38101502470396,0.278741938504327,1.40068322865562,0.199004266490621,0.842259407168825,0.997746015806017
"RPL31",13.1122133099979,-0.377536124740442,1.07057880734877,-0.352646738520249,0.724353293546204,0.997746015806017
"MCL1",3.5593185211117,-0.68680529441902,1.65669301725011,-0.414564006287069,0.678461102020355,0.997746015806017
"RPLP0",8.06834798628192,0.929607008891637,1.2347637289989,0.752862257822659,0.451532690144476,0.997746015806017
"SLC35F2",5.07545771632966,1.70565880952687,1.60129924977107,1.06517180331579,0.286798190916266,0.997746015806017
"ATP5E",3.04102113998107,-0.775746368304951,1.81766065087228,-0.426782836462172,0.669537508892573,0.997746015806017
"PLEKHA7",3.85110638151633,-0.00457818929287036,1.62062436126969,-0.0028249540129605,0.997746015806017,0.997746015806017
"PDIA3",3.24327753496848,-0.676618189644282,1.72048363607652,-0.393272086671674,0.694118532348545,0.997746015806017
"HNRNPA1",3.77640981729838,-0.867712970424675,1.71457344553931,-0.506080957151263,0.612799818198102,0.997746015806017
"NACA",2.57212792417525,-1.38281016083712,2.05973952697956,-0.67135195626648,0.501996343322455,0.997746015806017
"RPLP1",14.8159211499549,1.31991932728407,1.00916735770968,1.30792907360742,0.190897367239212,0.997746015806017
"ANXA2",15.9005142280812,-0.463696480614704,0.992349502519117,-0.467271338815198,0.640305759520879,0.997746015806017
"FABP6",5.06266147011019,-1.277668726733,1.59879427903257,-0.799145170513195,0.424206240257658,0.997746015806017
"CLU",6.79188993945779,1.4515113309658,1.35210450903984,1.07352007279123,0.283037837429658,0.997746015806017
"RPS19",6.02612147370732,0.687811484065155,1.32905754136364,0.51751821321404,0.604794458181314,0.997746015806017
"H3F3B",5.63919222594618,-1.19866621314252,1.47385246264095,-0.813287790688814,0.416053075471208,0.997746015806017
"RPL27",4.57399311451598,0.567945020983238,1.4973462218747,0.379301067906769,0.704464306729299,0.997746015806017
"UBA52",5.12179275866319,-0.576033914236041,1.50894515869896,-0.381746089919337,0.702649709622662,0.997746015806017
"CSDE1",2.97282661990606,-0.455669376215785,1.7947529080356,-0.253889755060783,0.799580729802714,0.997746015806017
"SERPINE2",4.57690929491236,-0.603396703985966,1.49480696860509,-0.403661955462408,0.686461319521799,0.997746015806017
"GPX3",12.3343036845911,0.544064535193962,1.08863434335243,0.499767932654526,0.617238492662789,0.997746015806017
"DPT",2.36297371516547,-0.0726365099351077,2.23854944018799,-0.03244802577557,0.974114763601849,0.997746015806017
"FSTL1",16.5159916515481,-0.907567944193656,1.05096615355091,-0.863555825396701,0.387831939849687,0.997746015806017
"PPIC",2.89070970926648,-2.93601741540312,1.94249757403601,-1.51146516456277,0.130669977534257,0.997746015806017
"SDCBP",2.51441129022516,-1.07630187538263,1.98364925700779,-0.542586786237688,0.587414338879568,0.997746015806017
"CCDC80",4.95066691500567,-0.788757213463363,1.44661116633233,-0.545244798201815,0.585585164498777,0.997746015806017
"ALDOB",4.34500348595747,-1.85050432946735,1.6343257195829,-1.13227388353138,0.25751930641383,0.997746015806017
"MFGE8",3.52293883250382,0.429816209160874,1.70512220025646,0.252073551735017,0.800984212653243,0.997746015806017
"C10orf10",4.43670036887433,-1.18925039046629,1.75883290972085,-0.676158823213651,0.498939812763083,0.997746015806017
"DUSP1",2.47840698306565,-0.585283785708499,1.98842306927696,-0.294345702758983,0.768493752839741,0.997746015806017
"FHL1",4.74047343284135,-1.76974036432987,1.57002950631615,-1.12720197754902,0.259657094581495,0.997746015806017
"C17orf58",3.59188411547556,-1.26945328751028,1.72736386156541,-0.734907864958949,0.462395608121797,0.997746015806017
"IGFBP6",18.9002877152687,0.143424919146349,0.98346433607316,0.145836421195531,0.884050523307662,0.997746015806017
"HTRA3",4.08286503952032,-1.31639871916311,1.64723060355509,-0.799158731219552,0.424198378084123,0.997746015806017
"TIMP3",18.2977022143549,-0.588124437930996,0.969831412247529,-0.606419250298411,0.544236388632853,0.997746015806017
"ADH1B",10.7380051541668,-0.547706891648866,1.14166723325735,-0.479743024669433,0.631410130478446,0.997746015806017
"MFAP4",6.17591037202264,0.253330259440456,1.33907254813207,0.189183371575974,0.84994909989217,0.997746015806017
"CD248",2.56179139735723,-0.232446230955268,2.01309183780566,-0.115467276052663,0.908074756881766,0.997746015806017
"MGP",18.5813796565566,-1.12735019628723,0.977595809180778,-1.15318640454478,0.248833882572273,0.997746015806017
"SFRP2",6.86098237338044,2.01599834220173,1.48388104667968,1.35859835039521,0.17427389820577,0.997746015806017
"GSTP1",2.77057022491865,-0.60568251296633,1.91379813934473,-0.316481921742128,0.75163674490538,0.997746015806017
"RPL26",3.12045010072173,-1.09137796492276,3.82385333696769,-0.285413134016332,0.775327646342875,0.997746015806017
"TOMM7",6.64503181832592,-1.27874590978254,1.39807342956645,-0.914648603384936,0.360376134365806,0.997746015806017
"SFRP1",9.42750037561639,-0.0671066622069536,1.19119173443723,-0.0563357352699039,0.955074351397254,0.997746015806017
"RPL23",13.8547883115954,0.0138820394902525,1.10124089399588,0.01260581546321,0.989942280839245,0.997746015806017
"FNDC3B",2.70110240954763,-0.750969181734201,1.91174437427896,-0.392818826532413,0.694453298587522,0.997746015806017
"EEF1B2",5.23160150783701,0.298473058041812,1.40675566296421,0.21217121487387,0.83197346269972,0.997746015806017
"SCARA5",11.0196905098949,-0.496801930717737,1.12581236417602,-0.44128306503486,0.659008084628982,0.997746015806017
"CFL1",12.0126527765086,-0.106946085597376,1.08183311336121,-0.0988563617405814,0.921252317408684,0.997746015806017
"PCNP",5.74825021222326,0.452168035990553,1.47289998832834,0.306991675995421,0.758849708101582,0.997746015806017
"LGALS3",6.51822275045319,-1.68421297415734,1.4227966253862,-1.1837341641854,0.236518310547158,0.997746015806017
"RPS27A",19.0237936380087,-0.131291736759349,0.982119061584636,-0.133682098123125,0.893653961716017,0.997746015806017
"RPS4X",10.7394256004137,0.463939661559863,1.0957012566023,0.423418024543033,0.671990296412703,0.997746015806017
"APP",5.99161290069728,-1.95242045144211,1.47030769748139,-1.32789922462256,0.184211400928581,0.997746015806017
"HTRA1",5.11564570753756,-0.723030719469707,1.44847485947172,-0.499166909761489,0.617661803948749,0.997746015806017
"FTL",6.3745809032635,-1.20718167847682,1.41834385803301,-0.851120602130265,0.394702362087726,0.997746015806017
"ATP5A1",2.32772017090269,-1.46107819955958,2.04290648605774,-0.715195829829229,0.474488045499914,0.997746015806017
"ACTG1",22.1294899170777,-1.09696934837908,0.926796884859956,-1.18361354715261,0.236566075265522,0.997746015806017
"RPS25",4.48139831775148,-0.561198772892179,1.5096402939629,-0.371743371673656,0.710083929544524,0.997746015806017
"HLA-B",17.9682321764722,1.24732929297918,1.03998959821772,1.1993670851293,0.230385240279143,0.997746015806017
"CDC42",2.61988341275569,-1.39530351155844,1.96547340525232,-0.709907093034063,0.477761751600783,0.997746015806017
"HLA-C",8.79218753260071,-0.656627766735952,1.20525035078733,-0.544806119580889,0.585886869384646,0.997746015806017
"FAU",4.24582556550347,0.974560991505327,1.5575145177423,0.625715510451873,0.53150155791834,0.997746015806017
"LMNA",9.03493780398583,2.75624688923087,1.38078891256533,1.99613921009122,0.0459187721089337,0.997746015806017
"AHNAK",7.83898297627504,0.15850460676013,1.20995807794101,0.131000081448985,0.895775242973274,0.997746015806017
"YWHAB",3.85110638151633,-0.00457818929287036,1.62062436126969,-0.0028249540129605,0.997746015806017,0.997746015806017
"HNRNPA2B1",2.02088956723239,0.31511626993926,2.3402904632922,0.134648358775078,0.892889904956671,0.997746015806017
"ITGA11",1.84632501077922,-0.523176386778127,2.45113431621109,-0.213442561396163,0.830981786077183,0.997746015806017
"MGST1",2.3490571162449,-0.261685758298317,2.06303928880098,-0.126844776887602,0.899063255112268,0.997746015806017
"CHCHD2",4.51792515731027,0.697769573687642,1.49167817092286,0.467774877509906,0.639945588033655,0.997746015806017
"RPL22",3.49599775686631,-0.548771908805675,1.72721377263151,-0.317720896799931,0.750696658597013,0.997746015806017
"ANXA11",3.60401067834485,-1.6854961679918,1.74988800779299,-0.963202308082332,0.335446007064844,0.997746015806017
"NFIA",5.59667127785667,0.603052734453624,1.41541995662586,0.426059228309319,0.670064688447319,0.997746015806017
"LHFP",3.85454509431198,0.400083418694175,1.81427708443,0.220519468678552,0.825466611726371,0.997746015806017
"TPT1",25.5358955174113,-0.556814717512978,0.923578541125945,-0.602888322669515,0.546582984798168,0.997746015806017
"RPS9",10.3548147127471,0.947127067224636,1.11569144121829,0.848914881152454,0.395928657715101,0.997746015806017
"MORF4L1",3.89707183404549,-0.538425931035974,1.58492547062177,-0.339716876923399,0.734069750906975,0.997746015806017
"RPS24",9.52683123866529,0.578110129831089,1.15130999815113,0.502132467154341,0.615574343307417,0.997746015806017
"COX6C",2.22224804837217,-1.10142186260549,2.06861483425545,-0.532444147826061,0.59441841528691,0.997746015806017
"PLCB1",2.33909597087525,-0.0151196994366281,2.06791553215823,-0.00731156529437547,0.994166266913939,0.997746015806017
"ATP1A1",7.23712784982686,-1.3373594530415,1.38012226221733,-0.969015202242211,0.332537604245404,0.997746015806017
"GRN",5.37053134693504,-0.787120690255572,1.53943726946523,-0.511304166703071,0.609138087832784,0.997746015806017
"RPSA",3.56800637118534,-1.25878980506114,1.72892278388024,-0.728077515547585,0.466566136746338,0.997746015806017
"UBC",12.1432701469813,-0.574063599209958,1.11556896953022,-0.514592656204576,0.606837697956074,0.997746015806017
"C1S",12.0609914886038,-0.729956360814311,1.09960254266196,-0.66383655229389,0.50679492828949,0.997746015806017
"PID1",4.01010566230456,0.351020804262522,1.69428264383054,0.207179602258636,0.835869596753665,0.997746015806017
"LAMP1",3.79414051046297,-1.28869659260412,1.66085142904303,-0.775925269454511,0.437793111397619,0.997746015806017
"RHOA",5.46171148909663,-0.60540631700751,1.47939451780915,-0.409225740476626,0.682374006037468,0.997746015806017
"FYN",3.83973058154377,-1.08559863966583,1.62660502781482,-0.66740150257879,0.504515706382114,0.997746015806017
"EEF2",7.93270391738464,-0.102354815751459,1.21519714460282,-0.0842289798046827,0.932874377499363,0.997746015806017
"S100A10",8.65775606788394,0.146246601490745,1.17406672522935,0.124564131107775,0.900868626397476,0.997746015806017
"RPS7",3.80081009398787,0.793528477723169,1.60443974724929,0.494582909133,0.6208945688145,0.997746015806017
"PLPP3",13.4114011283931,0.530085423404371,1.02350145787503,0.517913696483563,0.604518485405677,0.997746015806017
"RP11-192H23.4",4.64092013093898,1.27091103877494,1.51347500935893,0.839730442138761,0.401059541387439,0.997746015806017
"ACIN1",1.58020493071608,-0.771998902835364,2.59458707761699,-0.297542105830732,0.766052666895995,0.997746015806017
"PPIA",6.5019125035355,0.09738943223286,1.32668429700368,0.0734081442380936,0.941481336918159,0.997746015806017
"PEBP1",4.92551587541944,-1.0729866437347,1.54240540889658,-0.6956579881954,0.486643041474842,0.997746015806017
"RPS5",5.27427539852142,1.48559271325167,1.58485868992713,0.937366039441641,0.348570303614366,0.997746015806017
"HSPB1",6.02305814236004,0.0457823490041681,1.35320328913495,0.0338325729561558,0.973010661343806,0.997746015806017
"ADD1",5.94092663493339,2.01898934260537,1.52095301707346,1.32745017100542,0.184359812736735,0.997746015806017
"SERF2",9.58417249116701,0.752631602622885,1.15577345773872,0.651193015018196,0.514921898759194,0.997746015806017
"RPL7",8.13077083667966,0.408541753870732,1.20040096085948,0.34033774313061,0.733602196856159,0.997746015806017
"WDFY3",2.56179139735723,-0.232446230955268,2.01309183780566,-0.115467276052663,0.908074756881766,0.997746015806017
"RPL24",5.09012507814696,0.764154520513617,1.42488273309376,0.536292919245683,0.591756123496589,0.997746015806017
"RPL17",4.74099596524062,-0.0411436454016326,1.49643355137183,-0.0274944686744794,0.978065351539558,0.997746015806017
"RPS21",5.18601143675621,0.210652927255437,1.41036448955995,0.149360628982628,0.881269076717381,0.997746015806017
"TGFBR3",3.67056231331949,-0.0735907321371153,1.69249161148819,-0.0434807071642781,0.965318343432531,0.997746015806017
"DTWD2",3.16872812170144,1.1661429463137,1.87738657715305,0.621152276523725,0.534499436125349,0.997746015806017
"HSP90AB1",4.57309520066834,-0.332739015144949,1.59207911566686,-0.208996532817138,0.834450945264549,0.997746015806017
"ATP5G3",2.86645658352789,-1.54162797030668,1.89301121236863,-0.814378678918505,0.415428049066372,0.997746015806017
"CAPZB",3.57759213510662,-0.76053509997395,1.73890236643299,-0.437365038230431,0.661846634976577,0.997746015806017
"DPYSL3",5.77377663325786,0.368637422136882,1.39267217071997,0.264697916629085,0.791242182556381,0.997746015806017
"GSN",53.0063941299764,-0.544265664406886,0.785746579067247,-0.692673285390538,0.488514607764629,0.997746015806017
"RPL19",5.16409126789924,0.801591894788794,1.53179630818645,0.523301884529169,0.600764189765204,0.997746015806017
"ARF1",3.80245297908825,-1.02419350256541,1.69033557526375,-0.605911345388089,0.544573625212919,0.997746015806017
"ARPC1B",2.78232140633957,-0.221852489623291,1.87566099508972,-0.118279630596401,0.905846096523695,0.997746015806017
"LRRC16A",2.96901252566204,-0.0199771448404806,1.83061183575363,-0.0109128240352802,0.991292999006898,0.997746015806017
"CYP4B1",4.11557778483508,0.158822937682062,1.65349370654813,0.0960529435661562,0.923478524023806,0.997746015806017
"VIM",12.5647832556551,-0.649804955586047,1.10651672710624,-0.587252718072699,0.55703399104776,0.997746015806017
"TXNIP",11.6025154678074,0.274255913982451,1.09253002793177,0.251028261897418,0.801792258790815,0.997746015806017
"TCF7L2",2.04693272902225,0.0553124472607258,2.34693447254339,0.0235679555214779,0.981197232837391,0.997746015806017
"RPL10",11.3921748346922,-0.735676257065202,1.13883844147257,-0.645988254588544,0.518286962017136,0.997746015806017
"RPL36",2.83007689492001,-0.255223436901135,1.87009344854409,-0.136476301277795,0.891444758086132,0.997746015806017
"ANPEP",2.20091110302996,-3.16891237660032,2.1550369003835,-1.4704678031436,0.141435099551438,0.997746015806017
"MALAT1",13.4415730747599,1.2723726497707,1.03133699847593,1.23371182421552,0.217310306274848,0.997746015806017
"CTSK",5.96623942225759,0.927766068347862,1.33848420068791,0.693146820762649,0.488217417342586,0.997746015806017
"RPL35A",5.50730156017742,-0.526681580845558,1.47568029435083,-0.35690764650161,0.721160945097782,0.997746015806017
"NEAT1",4.88373989858267,-1.82376516462872,1.55559555689481,-1.17239031478672,0.241040386186052,0.997746015806017
"CD63",20.6883531712675,0.164645519224957,0.945190923279867,0.174192869577743,0.861713889124185,0.997746015806017
"ZBTB20",4.5588032202994,0.0113936675384942,1.57138999908254,0.00725069368211991,0.994214834146132,0.997746015806017
"IFITM3",10.1202005654622,0.821660115583216,1.1874161995437,0.691973139577313,0.488954197353652,0.997746015806017
"ABL1",3.8393552000954,-0.323134781459527,1.58866022214852,-0.203400813436694,0.838821764068365,0.997746015806017
"GAS7",4.01646055549659,-0.598738414133106,1.63048688790992,-0.36721449192432,0.713459030315166,0.997746015806017
"ATG10",4.1528553872906,0.35064952005232,1.52794418715904,0.229491052748657,0.818487273958033,0.997746015806017
"CD99",5.26543460585288,-1.07702212360292,1.52325466259376,-0.70705322626027,0.479533401479833,0.997746015806017
"AL078584.1",5.01975934892831,-0.185405261562117,1.42780559226366,-0.129853295551373,0.896682496079369,0.997746015806017
"SEPT2",2.77311102386666,-1.7491111113136,1.91823412143679,-0.911834010127755,0.361856103911457,0.997746015806017
"PCBD2",6.26296172960734,-1.28764767112264,1.35474149341058,-0.950474815590813,0.341871044629544,0.997746015806017
"DOCK4",3.17164430209782,-0.624780661966865,1.76345235079823,-0.354294042412917,0.723118532042558,0.997746015806017
"PDLIM1",3.3071412200442,-0.851055168968252,3.88753353905808,-0.218919055081504,0.826713102675293,0.997746015806017
"GPC3",2.67976546420542,-1.99623545502748,1.94702950358704,-1.02527231937153,0.305234712951534,0.997746015806017
"COL6A2",7.79032957384696,-0.362768175632421,1.2421022345908,-0.292059836565653,0.770240874287878,0.997746015806017
"AC018890.6",3.45924268681006,0.966779230483622,1.81892370676434,0.531511699412294,0.595064236170532,0.997746015806017
"SDK1",5.86458139397108,1.00096289801168,1.37165968440392,0.729745803126569,0.4655455780815,0.997746015806017
"CCT7",2.93682231274654,0.033052025199173,1.81821659132318,0.018178266196064,0.985496640835358,0.997746015806017
"KLF2",6.70325638788821,2.61137018367416,1.51520802907203,1.72344003831174,0.0848089797234455,0.997746015806017
"DSTN",3.57144508398099,-1.15226991881249,1.68851727850069,-0.682415237015311,0.494976423712325,0.997746015806017
"PSMA7",2.84347675308531,-0.0945480255240196,1.84741060932533,-0.0511786741110838,0.959183145165023,0.997746015806017
"JUN",8.18705242759578,0.819072895903265,1.26084245240988,0.649623507154087,0.515935444931303,0.997746015806017
"YBX3",1.90620706222895,-1.11269574507571,2.19815212309729,-0.506195969507278,0.612719084170567,0.997746015806017
"FCGRT",2.37293486053512,-0.270322589659175,2.00753295557499,-0.134654123066064,0.892885347223769,0.997746015806017
"RPL5",3.60184526084521,-1.48682750310939,1.77718481210645,-0.836619519242398,0.402806470251985,0.997746015806017
"PTMA",4.43035126732629,1.19174680820902,1.57664829282259,0.755873591868416,0.449724988576002,0.997746015806017
"MRC2",4.40324265230683,-0.113989398131133,1.53534045495789,-0.0742437273524841,0.940816452441845,0.997746015806017
"SPON2",6.99160553549719,2.36215434141474,1.38284545634347,1.7081838976141,0.0876022253754831,0.997746015806017
"ALDH2",3.57106970253262,-0.301688341164147,1.67568355526173,-0.180038969897885,0.85712197448188,0.997746015806017
"PSMB1",5.28063029171345,0.717310336962235,1.47127557833494,0.48754315474605,0.625873468455751,0.997746015806017
"COL12A1",5.57443641866683,-0.929785782927516,1.44177250460638,-0.644890771572424,0.518997972522607,0.997746015806017
"TMA7",5.98180469792253,1.03011586817311,1.35078757405525,0.762603897132809,0.445699659708486,0.997746015806017
"FKBP5",4.059134446181,0.862537144225443,1.57860070185503,0.546393488367176,0.584795485189245,0.997746015806017
"FOXO1",3.85687805119359,0.602401226256703,1.68506233677045,0.357494920580357,0.720721328102932,0.997746015806017
"RAC1",3.20420989646168,-1.28219545120439,1.83189954259173,-0.699926727090267,0.483973065128198,0.997746015806017
"PSAP",8.16662799288828,-0.845260160435996,1.22600148394424,-0.689444647095093,0.490543495320914,0.997746015806017
"AP2M1",1.46081620926498,-0.634904861163316,2.65279618414561,-0.239334203267411,0.8108464455581,0.997746015806017
"LAMA2",8.09528906191942,1.52218484573325,1.22510160785813,1.24249681493319,0.214053314916836,0.997746015806017
"LDHA",2.7484825166797,-0.0132050408412114,1.96209044705491,-0.0067300877291524,0.994630207444727,0.997746015806017
"PLXDC2",1.7768571954082,-0.690367305006378,2.2910482382831,-0.30133250512601,0.76316095661174,0.997746015806017
"ZFP36",6.70798299276694,0.0674976542860006,1.33163181582886,0.0506879255088896,0.959574198329659,0.997746015806017
"BCAT1",2.66509810238812,-0.324118679575021,1.92890462113053,-0.168032507167231,0.866557705633745,0.997746015806017
"RPL28",2.46628042019635,-0.145585102158902,1.97703325965191,-0.0736381653915801,0.941298301972519,0.997746015806017
"ADI1",1.87020275506944,-0.517196515254653,2.25152145865602,-0.229709787249098,0.818317289138427,0.997746015806017
"LTBP4",6.77670004524121,0.901521971151907,1.2802607812353,0.704170575530749,0.481326552931223,0.997746015806017
"CALM2",4.04723611380917,-1.67183706383529,1.68750830075351,-0.990713386766028,0.321825552469626,0.997746015806017
"COL5A1",5.12904556570286,-0.714774674908084,1.47784561295535,-0.483659909155665,0.6286272499051,0.997746015806017
"COX7C",2.08114700013049,-1.28130276336936,2.19002084075758,-0.58506418730067,0.558504558118573,0.997746015806017
"PAM",3.8996126329935,-1.62157028282907,1.67805812338081,-0.966337375467107,0.333875389550279,0.997746015806017
"EXT1",6.96285403537735,3.78360046323473,1.71428209537007,2.20710492949408,0.0273067294779884,0.997746015806017
"SUMO2",1.87236817256908,-0.779419143122602,2.26237410710893,-0.344513818768292,0.730459905512535,0.997746015806017
"CYBRD1",5.21932779401681,-1.36476768744564,1.47414559448645,-0.925802507262576,0.354548623962582,0.997746015806017
"TMBIM6",4.25780497742186,-1.39231792832751,1.63106606400806,-0.853624484655225,0.393313087631762,0.997746015806017
"HSPA1A",15.6759791835427,3.14215283160289,1.4199466094953,2.21286688569208,0.0269068242943355,0.997746015806017
"TMSB10",4.12935302444875,-0.212768342100859,1.5843007784608,-0.134297947077682,0.893166976532523,0.997746015806017
"CTD-2060L22.1",5.50332571819544,0.546608468233099,1.43027130276039,0.38217117771863,0.70233439902539,0.997746015806017
"MYL12A",1.90620706222895,-1.11269574507571,2.19815212309729,-0.506195969507278,0.612719084170567,0.997746015806017
"RP11-64D24.2",2.82049113099873,-0.845458038633386,1.98030042801014,-0.426934230117259,0.669427232709458,0.997746015806017
"TMEM176B",7.08300811651225,-0.872670988472961,1.28477734541754,-0.679239084955498,0.496986386142225,0.997746015806017
"DCN",72.6835065145242,-1.19653484110799,0.785824351893033,-1.52264922590597,0.12784648718017,0.997746015806017
"DLC1",4.34208730556109,-0.187379724575439,1.51734818124331,-0.123491580173708,0.901717841306579,0.997746015806017
"EBF1",5.46387690659627,-0.717541947250953,1.5307049156086,-0.468765690848822,0.639237126159094,0.997746015806017
"SDC2",2.61988341275569,-1.39530351155844,1.96547340525232,-0.709907093034063,0.477761751600783,0.997746015806017
"S100A13",2.05905929189155,-0.433508354955644,2.17948331575065,-0.198904186062253,0.842337694939186,0.997746015806017
"ACTR2",3.23115097209919,-0.229496161992449,1.70588015980504,-0.134532405851228,0.892981587834385,0.997746015806017
"SLIT2",2.7271455713375,-0.9978581340511,2.0126256996646,-0.495799161372824,0.620036116618846,0.997746015806017
"SHISA6",4.05861191378173,-0.701403291828898,1.63568108802044,-0.428814208934679,0.668058437611071,0.997746015806017
"CIRBP",3.2402142036212,-1.75031171566402,1.83403898963523,-0.95434814938811,0.339907442994604,0.997746015806017
"DAZAP2",2.73800463055478,0.252600654232868,1.85604963573195,0.13609585076277,0.891745507621676,0.997746015806017
"ENSA",2.64682448839319,-0.103669964239967,1.91031275622326,-0.0542685818865207,0.956721180674838,0.997746015806017
"NEGR1",1.55416176892622,-0.440846673968863,2.594830753406,-0.169894191900648,0.865093348911285,0.997746015806017
