"ID","Description","setSize","enrichmentScore","NES","pvalue","p.adjust","qvalue","rank","leading_edge","core_enrichment","ont","direction","gene_symbols","cluster"
"GO:0000070","mitotic sister chromatid segregation",58,0.63096116661514,1.90295441517505,5.96268631438488e-06,0.000618563893309666,0.000553970399002348,239,"tags=34%, list=10%, signal=32%","332/22974/11130/5347/1063/81620/11065/51203/9787/4605/991/10592/2316/10051/10459/25906/3835/5901/440145/348235","BP","Up","BIRC5/TPX2/ZWINT/PLK1/CENPF/CDT1/UBE2C/NUSAP1/DLGAP5/MYBL2/CDC20/SMC2/FLNA/SMC4/MAD2L2/ANAPC15/KIF22/RAN/MZT1/SKA2",1
"GO:0000079","regulation of cyclin-dependent protein serine/threonine kinase activity",16,0.777753229110114,1.87276054359682,0.000119762801058644,0.0057150808665185,0.00511828391892732,222,"tags=50%, list=9%, signal=46%","1033/5347/890/1647/1031/1032/28984/60","BP","Up","CDKN3/PLK1/CCNA2/GADD45A/CDKN2C/CDKN2D/RGCC/ACTB",5
"GO:0000152","nuclear ubiquitin ligase complex",10,0.817980504169153,1.80330778685383,0.000333073957200343,0.00865992288720893,0.00706216961883435,137,"tags=50%, list=6%, signal=47%","11065/27338/991/10459/25906","CC","Up","UBE2C/UBE2S/CDC20/MAD2L2/ANAPC15",1
"GO:0000226","microtubule cytoskeleton organization",106,0.536157642218285,1.72651776247686,1.44932543377046e-05,0.00111551305966978,0.000999025681003068,206,"tags=22%, list=9%, signal=21%","332/22974/259266/5347/1058/3925/10376/6790/51203/10383/1647/9787/4605/3688/84790/991/203068/26586/2316/5902/5901/2597/440145","BP","Up","BIRC5/TPX2/ASPM/PLK1/CENPA/STMN1/TUBA1B/AURKA/NUSAP1/TUBB4B/GADD45A/DLGAP5/MYBL2/ITGB1/TUBA1C/CDC20/TUBB/CKAP2/FLNA/RANBP1/RAN/GAPDH/MZT1",1
"GO:0000228","nuclear chromosome",42,0.601009686325574,1.74085599121513,0.00142624293780223,0.0222604514033087,0.0181534045567758,472,"tags=40%, list=20%, signal=33%","7153/332/5347/4176/10592/54962/5111/10051/6119/81611/142/6598/5425/6605/9126/5885/54107","CC","Up","TOP2A/BIRC5/PLK1/MCM7/SMC2/TIPIN/PCNA/SMC4/RPA3/ANP32E/PARP1/SMARCB1/POLD2/SMARCE1/SMC3/RAD21/POLE3",2
"GO:0000278","mitotic cell cycle",214,0.574869444990591,1.92354041641437,1e-10,4.90885371871414e-08,4.39624698856916e-08,239,"tags=28%, list=10%, signal=28%","6241/4288/994/332/22974/11130/7083/1033/5347/387103/1063/81620/1058/3925/10376/1163/890/2146/11065/6790/51203/10383/27338/9787/4605/1164/3688/84790/991/1031/55165/10592/54962/9585/5111/203068/1032/5579/26586/2316/10051/6119/6240/10459/5902/2935/25906/6777/3835/1977/5901/10926/79621/5591/7027/440145/28984/60/10106/348235","BP","Up","RRM2/MKI67/CDC25B/BIRC5/TPX2/ZWINT/TK1/CDKN3/PLK1/CENPW/CENPF/CDT1/CENPA/STMN1/TUBA1B/CKS1B/CCNA2/EZH2/UBE2C/AURKA/NUSAP1/TUBB4B/UBE2S/DLGAP5/MYBL2/CKS2/ITGB1/TUBA1C/CDC20/CDKN2C/CEP55/SMC2/TIPIN/KIF20B/PCNA/TUBB/CDKN2D/PRKCB/CKAP2/FLNA/SMC4/RPA3/RRM1/MAD2L2/RANBP1/GSPT1/ANAPC15/STAT5B/KIF22/EIF4E/RAN/DBF4/RNASEH2B/PRKDC/TFDP1/MZT1/RGCC/ACTB/CTDSP2/SKA2",1
"GO:0000280","nuclear division",92,0.646282188625749,2.04413876585666,1.71520419481369e-09,5.11559651103185e-07,4.58140067825237e-07,305,"tags=37%, list=13%, signal=33%","7153/4288/994/332/22974/11130/259266/5347/1063/81620/11065/6790/51203/27338/9787/4605/1164/991/10592/9585/2316/10051/10459/5902/25906/9232/3835/5901/440145/28984/348235/7124/940/56984","BP","Up","TOP2A/MKI67/CDC25B/BIRC5/TPX2/ZWINT/ASPM/PLK1/CENPF/CDT1/UBE2C/AURKA/NUSAP1/UBE2S/DLGAP5/MYBL2/CKS2/CDC20/SMC2/KIF20B/FLNA/SMC4/MAD2L2/RANBP1/ANAPC15/PTTG1/KIF22/RAN/MZT1/RGCC/SKA2/TNF/CD28/PSMG2",1
"GO:0000287","magnesium ion binding",33,0.640509952055691,1.799405652158,0.00135584413537548,0.0490983376075977,0.0422194748886681,446,"tags=48%, list=19%, signal=40%","7153/5347/80119/3688/375449/1854/10797/5901/6732/5315/3421/4830/10054/2023/3418/11164","MF","Up","TOP2A/PLK1/PIF1/ITGB1/MAST4/DUT/MTHFD2/RAN/SRPK1/PKM/IDH3G/NME1/UBA2/ENO1/IDH2/NUDT5",9
"GO:0000775","chromosome, centromeric region",70,0.626987764692444,1.94309464441974,7.40520805071246e-07,8.98498576819779e-05,7.32725849228391e-05,472,"tags=41%, list=20%, signal=34%","7153/3070/332/11130/5347/387103/1063/81620/1058/55839/2146/6790/79019/991/10051/3835/11335/60/348235/23468/6598/6605/9126/64105/57132/1786/6599/5885/54107","CC","Up","TOP2A/HELLS/BIRC5/ZWINT/PLK1/CENPW/CENPF/CDT1/CENPA/CENPN/EZH2/AURKA/CENPM/CDC20/SMC4/KIF22/CBX3/ACTB/SKA2/CBX5/SMARCB1/SMARCE1/SMC3/CENPK/CHMP1B/DNMT1/SMARCC1/RAD21/POLE3",1
"GO:0000776","kinetochore",47,0.620177836624043,1.82125699361221,8.89477097869193e-05,0.00294336057840351,0.00240031140286232,339,"tags=34%, list=14%, signal=30%","332/11130/5347/387103/1063/81620/55839/6790/79019/991/3835/60/348235/23468/6598/6605","CC","Up","BIRC5/ZWINT/PLK1/CENPW/CENPF/CDT1/CENPN/AURKA/CENPM/CDC20/KIF22/ACTB/SKA2/CBX5/SMARCB1/SMARCE1",1
"GO:0000779","condensed chromosome, centromeric region",51,0.639706951429338,1.91345547081542,1.48792071712944e-05,0.000773718772907311,0.000630967883053388,339,"tags=35%, list=14%, signal=31%","332/11130/5347/387103/1063/81620/1058/55839/6790/79019/991/3835/11335/60/348235/23468/6598/6605","CC","Up","BIRC5/ZWINT/PLK1/CENPW/CENPF/CDT1/CENPA/CENPN/AURKA/CENPM/CDC20/KIF22/CBX3/ACTB/SKA2/CBX5/SMARCB1/SMARCE1",1
"GO:0000785","chromatin",198,0.431479387777758,1.43962112929125,0.00259732664945611,0.0315142300134008,0.0256998636893552,531,"tags=33%, list=23%, signal=28%","3070/6659/5347/1063/1058/2146/79413/3148/4176/10365/7112/10592/54962/63901/124944/5111/3151/10765/10459/6777/3835/199990/5901/11168/824/6732/3516/11335/10538/8553/81611/4678/8932/5591/7027/71/7913/60/64710/142/23512/9275/23468/3659/6598/5966/6605/1108/9126/2186/6304/3150/1786/6599/5885/54107/6418/80314/7259/9643/2354/51105/3660/50809/1390/3091","CC","Up","HELLS/SOX4/PLK1/CENPF/CENPA/EZH2/ZBED2/HMGB2/MCM7/KLF2/TMPO/SMC2/TIPIN/FAM111A/C17orf49/PCNA/HMGN2/KDM5B/MAD2L2/STAT5B/KIF22/FAAP20/RAN/PSIP1/CAPN2/SRPK1/RBPJ/CBX3/BATF/BHLHE40/ANP32E/NASP/MBD2/PRKDC/TFDP1/ACTG1/DEK/ACTB/NUCKS1/PARP1/SUZ12/BCL7B/CBX5/IRF1/SMARCB1/REL/SMARCE1/CHD4/SMC3/BPTF/SATB1/HMGN1/DNMT1/SMARCC1/RAD21/POLE3/SET/EPC1/TSPYL1/MORF4L2/FOSB/PHF20L1/IRF2/HP1BP3/CREM/HIF1A",2
"GO:0000793","condensed chromosome",68,0.634593343040158,1.96773596421052,1.08428467275906e-06,9.80746456311136e-05,7.99799018738404e-05,469,"tags=44%, list=20%, signal=36%","7153/4288/332/11130/5347/387103/1063/81620/1058/55839/6790/3148/79019/991/10592/10051/3835/11335/3146/60/348235/23468/6598/6605/9126/64105/57132/6599/5885/7846","CC","Up","TOP2A/MKI67/BIRC5/ZWINT/PLK1/CENPW/CENPF/CDT1/CENPA/CENPN/AURKA/HMGB2/CENPM/CDC20/SMC2/SMC4/KIF22/CBX3/HMGB1/ACTB/SKA2/CBX5/SMARCB1/SMARCE1/SMC3/CENPK/CHMP1B/SMARCC1/RAD21/TUBA1A",1
"GO:0000819","sister chromatid segregation",67,0.615201061249796,1.89023451048731,7.21117468541094e-06,0.000716910949974605,0.000642047570674746,339,"tags=39%, list=14%, signal=34%","7153/332/22974/11130/5347/1063/81620/11065/51203/9787/4605/991/10592/2316/10051/10459/25906/3835/5901/440145/60/348235/9275/56984/6598/6605","BP","Up","TOP2A/BIRC5/TPX2/ZWINT/PLK1/CENPF/CDT1/UBE2C/NUSAP1/DLGAP5/MYBL2/CDC20/SMC2/FLNA/SMC4/MAD2L2/ANAPC15/KIF22/RAN/MZT1/ACTB/SKA2/BCL7B/PSMG2/SMARCB1/SMARCE1",1
"GO:0000922","spindle pole",39,0.707295852743323,2.01463180269877,1.34717919822958e-06,9.80746456311136e-05,7.99799018738404e-05,102,"tags=26%, list=4%, signal=25%","994/22974/259266/5347/1063/6790/9787/991/9585/26586","CC","Up","CDC25B/TPX2/ASPM/PLK1/CENPF/AURKA/DLGAP5/CDC20/KIF20B/CKAP2",1
"GO:0002181","cytoplasmic translation",119,-0.371255648647237,-1.81163639024585,1.78705011128131e-05,0.00125408869574035,0.00112313056529444,648,"tags=56%, list=28%, signal=43%","6223/10480/6224/23521/6157/6207/6210/11224/6133/6228/6168/7555/4736/51441/6217/6167/6143/6208/6129/6147/6142/51389/6181/6155/7311/6233/6191/6154/8664/6122/6135/6451/6234/6231/6146/6176/26986/6134/6218/6128/6202/6206/6161/6222/6137/6189/6136/6170/6165/6164/25873/6156/6204/6160/6144/6230/6194/6171/6235/4690/6169/6232/1968/3646/6173/170506/1974","BP","Down","RPS19/EIF3M/RPS20/RPL13A/RPL27A/RPS13/RPS15A/RPL35/RPL9/RPS23/RPL37A/CNBP/RPL10A/YTHDF2/RPS16/RPL37/RPL19/RPS14/RPL7/RPL23A/RPL18A/RWDD1/RPLP2/RPL27/UBA52/RPS27A/RPS4X/RPL26/EIF3D/RPL3/RPL11/SH3BGRL/RPS28/RPS26/RPL22/RPLP1/PABPC1/RPL10/RPS17/RPL6/RPS8/RPS12/RPL32/RPS18/RPL13/RPS3A/RPL12/RPL39/RPL35A/RPL34/RPL36/RPL30/RPS10/RPL31/RPL21/RPS25/RPS6/RPL41/RPS29/NCK1/RPL38/RPS27/EIF2S3/EIF3E/RPL36A/DHX36/EIF4A2",4
"GO:0002478","antigen processing and presentation of exogenous peptide antigen",15,0.818488603924425,1.94495722422819,2.69853409343478e-05,0.00178852842970428,0.00160176146481655,254,"tags=53%, list=11%, signal=48%","3127/3119/3113/3117/3123/3122/3115/972","BP","Up","HLA-DRB5/HLA-DQB1/HLA-DPA1/HLA-DQA1/HLA-DRB1/HLA-DRA/HLA-DPB1/CD74",3
"GO:0002495","antigen processing and presentation of peptide antigen via MHC class II",12,0.853527559001263,1.94328627507113,3.53762142365184e-05,0.00205872310166665,0.00184374107574152,254,"tags=67%, list=11%, signal=60%","3127/3119/3113/3117/3123/3122/3115/972","BP","Up","HLA-DRB5/HLA-DQB1/HLA-DPA1/HLA-DQA1/HLA-DRB1/HLA-DRA/HLA-DPB1/CD74",3
"GO:0002504","antigen processing and presentation of peptide or polysaccharide antigen via MHC class II",12,0.853527559001263,1.94328627507113,3.53762142365184e-05,0.00205872310166665,0.00184374107574152,254,"tags=67%, list=11%, signal=60%","3127/3119/3113/3117/3123/3122/3115/972","BP","Up","HLA-DRB5/HLA-DQB1/HLA-DPA1/HLA-DQA1/HLA-DRB1/HLA-DRA/HLA-DPB1/CD74",3
"GO:0003823","antigen binding",31,0.681451540189861,1.88889449133593,0.000103795797617329,0.0281702997706911,0.0242235342727959,333,"tags=48%, list=14%, signal=42%","3507/3127/3514/3538/3119/3502/3493/3113/3117/3539/3123/3122/3115/3500/3512","MF","Up","IGHM/HLA-DRB5/IGKC/IGLC2/HLA-DQB1/IGHG3/IGHA1/HLA-DPA1/HLA-DQA1/IGLC3/HLA-DRB1/HLA-DRA/HLA-DPB1/IGHG1/JCHAIN",3
"GO:0004252","serine-type endopeptidase activity",14,0.751513006459521,1.77027643874834,0.00176476921596301,0.0497624344382632,0.0427905292426874,149,"tags=43%, list=6%, signal=40%","3002/2999/3001/1512/1803/5045","MF","Up","GZMB/GZMH/GZMA/CTSH/DPP4/FURIN",7
"GO:0004930","G protein-coupled receptor activity",12,-0.773338362636579,-2.22308896556284,0.000238058871301615,0.0281702997706911,0.0242235342727959,297,"tags=58%, list=13%, signal=51%","7852/27197/10663/29909/5734/1880/5732","MF","Down","CXCR4/GPR82/CXCR6/GPR171/PTGER4/GPR183/PTGER2",8
"GO:0005200","structural constituent of cytoskeleton",22,0.685230370976662,1.79996880642811,0.00182228633154203,0.0497624344382632,0.0427905292426874,297,"tags=50%, list=13%, signal=44%","10376/10383/84790/203068/7431/3123/71/60/7094/10092/28988","MF","Up","TUBA1B/TUBB4B/TUBA1C/TUBB/VIM/HLA-DRB1/ACTG1/ACTB/TLN1/ARPC5/DBNL",10
"GO:0005524","ATP binding",193,0.445221760552543,1.47730883630665,0.000733996125763454,0.0372240892351466,0.0320088536047221,462,"tags=28%, list=20%, signal=25%","7153/4288/3070/7083/5347/2752/11065/6790/29028/27338/80119/4176/10592/1665/375449/9585/5579/10212/4076/10051/6240/3835/6732/5315/5591/71/3421/4830/60/5965/5613/7334/54926/10054/7520/8428/1453/4627/1108/3799/5981/953/9126/415116/489/1021/3320/3336/23/7415/10928/493/10574/7332/7867","MF","Up","TOP2A/MKI67/HELLS/TK1/PLK1/GLUL/UBE2C/AURKA/ATAD2/UBE2S/PIF1/MCM7/SMC2/DHX15/MAST4/KIF20B/PRKCB/DDX39A/CAPRIN1/SMC4/RRM1/KIF22/SRPK1/PKM/PRKDC/ACTG1/IDH3G/NME1/ACTB/RECQL/PRKX/UBE2N/UBE2R2/UBA2/XRCC5/STK24/CSNK1D/MYH9/CHD4/KIF5B/RFC1/ENTPD1/SMC3/PIM3/ATP2A3/CDK6/HSP90AA1/HSPE1/ABCF1/VCP/RALBP1/ATP2B4/CCT7/UBE2L3/MAPKAPK3",9
"GO:0005694","chromosome",305,0.445173493756483,1.51283496327118,1.43959539425269e-05,0.000773718772907311,0.000630967883053388,513,"tags=31%, list=22%, signal=28%","7153/4288/3070/332/11130/6659/5347/387103/1063/81620/1058/3149/55839/2146/79413/6790/51203/3148/80119/4176/10365/7112/79019/991/10592/54962/63901/124944/5111/3151/10051/6119/10765/10459/6777/3835/51368/199990/5901/11168/824/6732/3516/11335/10538/8553/81611/4678/8932/5591/7027/71/3146/7913/60/5965/64710/348235/142/10092/23512/9275/7520/23468/3659/6598/5966/5425/6605/1108/1642/5981/9126/2186/11340/6304/3150/64105/57132/7415/1786/6599/5885/7846/54107/6418/80314/7259/4691/9643/57187/4841/2354/51105/3660/50809","CC","Up","TOP2A/MKI67/HELLS/BIRC5/ZWINT/SOX4/PLK1/CENPW/CENPF/CDT1/CENPA/HMGB3/CENPN/EZH2/ZBED2/AURKA/NUSAP1/HMGB2/PIF1/MCM7/KLF2/TMPO/CENPM/CDC20/SMC2/TIPIN/FAM111A/C17orf49/PCNA/HMGN2/SMC4/RPA3/KDM5B/MAD2L2/STAT5B/KIF22/TEX264/FAAP20/RAN/PSIP1/CAPN2/SRPK1/RBPJ/CBX3/BATF/BHLHE40/ANP32E/NASP/MBD2/PRKDC/TFDP1/ACTG1/HMGB1/DEK/ACTB/RECQL/NUCKS1/SKA2/PARP1/ARPC5/SUZ12/BCL7B/XRCC5/CBX5/IRF1/SMARCB1/REL/POLD2/SMARCE1/CHD4/DDB1/RFC1/SMC3/BPTF/EXOSC8/SATB1/HMGN1/CENPK/CHMP1B/VCP/DNMT1/SMARCC1/RAD21/TUBA1A/POLE3/SET/EPC1/TSPYL1/NCL/MORF4L2/THOC2/NONO/FOSB/PHF20L1/IRF2/HP1BP3",2
"GO:0005759","mitochondrial matrix",101,0.491198287910426,1.58105098525334,0.00197650725704571,0.0256945943415943,0.0209539491160485,614,"tags=39%, list=26%, signal=30%","7298/89839/3033/622/4521/10797/3028/28977/3421/6150/116541/51073/10935/64968/292/4728/122704/374291/2647/2109/6182/37/65005/7416/64963/3418/65003/4706/25828/51021/3336/51258/10449/57128/29074/7284/3329/81689/65993","CC","Up","TYMS/ARHGAP11B/HADH/BDH1/NUDT1/MTHFD2/HSD17B10/MRPL42/IDH3G/MRPL23/MRPL54/MRPL4/PRDX3/MRPS6/SLC25A5/NDUFS8/MRPL52/NDUFS7/BLOC1S1/ETFB/MRPL12/ACADVL/MRPL9/VDAC1/MRPS11/IDH2/MRPL11/NDUFAB1/TXN2/MRPS16/HSPE1/MRPL51/ACAA2/LYRM4/MRPL18/TUFM/HSPD1/ISCA1/MRPS34",6
"GO:0005819","spindle",99,0.522883234009732,1.6814890966275,0.000206214169224321,0.00577399673828098,0.0047086960098185,255,"tags=21%, list=11%, signal=20%","994/332/22974/259266/5347/1063/6790/51203/10383/9787/3161/991/9585/203068/26586/10459/3835/11335/440145/348235/292","CC","Up","CDC25B/BIRC5/TPX2/ASPM/PLK1/CENPF/AURKA/NUSAP1/TUBB4B/DLGAP5/HMMR/CDC20/KIF20B/TUBB/CKAP2/MAD2L2/KIF22/CBX3/MZT1/SKA2/SLC25A5",1
"GO:0005874","microtubule",81,0.506742309326857,1.59445381335413,0.00245722781132159,0.0308424456317606,0.025152023331858,158,"tags=19%, list=7%, signal=18%","332/22974/259266/5347/3925/10376/6790/51203/10383/84790/9585/203068/26586/25941/3835","CC","Up","BIRC5/TPX2/ASPM/PLK1/STMN1/TUBA1B/AURKA/NUSAP1/TUBB4B/TUBA1C/KIF20B/TUBB/CKAP2/TPGS2/KIF22",1
"GO:0006259","DNA metabolic process",195,0.528647281305447,1.77208820744506,6.69926142780337e-08,1.59844377667388e-05,1.43152638930956e-05,478,"tags=38%, list=20%, signal=33%","7153/3070/7298/7083/5347/1063/81620/3001/3149/890/2146/1647/3148/80119/4176/54962/63901/5111/7398/4521/1032/167227/6119/6240/3182/10459/1854/9232/3835/51368/199990/5901/10923/10926/10538/79621/4678/5591/7027/3838/28984/3146/4830/7913/60/5965/64710/3184/7334/7124/142/9320/940/9275/7520/6598/581/5425/6605/1108/1642/5981/10213/9126/84153/3320/7415/10574/1786/6599/5885/54107/6418/55729/80314","BP","Up","TOP2A/HELLS/TYMS/TK1/PLK1/CENPF/CDT1/GZMA/HMGB3/CCNA2/EZH2/GADD45A/HMGB2/PIF1/MCM7/TIPIN/FAM111A/PCNA/USP1/NUDT1/CDKN2D/DCP2/RPA3/RRM1/HNRNPAB/MAD2L2/DUT/PTTG1/KIF22/TEX264/FAAP20/RAN/SUB1/DBF4/BATF/RNASEH2B/NASP/PRKDC/TFDP1/KPNA2/RGCC/HMGB1/NME1/DEK/ACTB/RECQL/NUCKS1/HNRNPD/UBE2N/TNF/PARP1/TRIP12/CD28/BCL7B/XRCC5/SMARCB1/BAX/POLD2/SMARCE1/CHD4/DDB1/RFC1/PSMD14/SMC3/RNASEH2C/HSP90AA1/VCP/CCT7/DNMT1/SMARCC1/RAD21/POLE3/SET/ATF7IP/EPC1",2
"GO:0006281","DNA repair",99,0.552032410355432,1.75828956888791,9.85201411803617e-06,0.000870626136504974,0.000779711058854325,501,"tags=44%, list=21%, signal=36%","5347/1647/3148/80119/4176/63901/5111/7398/4521/1032/6119/6240/10459/9232/3835/51368/199990/79621/5591/3146/7913/60/5965/64710/7334/142/9320/9275/7520/6598/5425/6605/1108/1642/5981/10213/9126/84153/7415/6599/5885/80314/9643/4841","BP","Up","PLK1/GADD45A/HMGB2/PIF1/MCM7/FAM111A/PCNA/USP1/NUDT1/CDKN2D/RPA3/RRM1/MAD2L2/PTTG1/KIF22/TEX264/FAAP20/RNASEH2B/PRKDC/HMGB1/DEK/ACTB/RECQL/NUCKS1/UBE2N/PARP1/TRIP12/BCL7B/XRCC5/SMARCB1/POLD2/SMARCE1/CHD4/DDB1/RFC1/PSMD14/SMC3/RNASEH2C/VCP/SMARCC1/RAD21/EPC1/MORF4L2/NONO",2
"GO:0007049","cell cycle",342,0.504008524345193,1.70436682631012,1.02867848254697e-10,4.90885371871414e-08,4.39624698856916e-08,239,"tags=21%, list=10%, signal=22%","6241/7153/4288/3070/994/332/22974/11130/7083/1033/259266/5347/387103/1063/81620/1058/3925/55839/10376/1163/890/2146/11065/6790/51203/10383/1647/27338/9787/4605/1164/4176/79019/3688/84790/991/1031/55165/10592/54962/9585/5111/203068/1032/5579/26586/2316/10051/6119/6240/10459/115098/10907/5902/2935/25906/9232/6777/3835/1977/5901/10926/6732/79621/4678/5591/7027/440145/2771/28984/60/10106/348235","BP","Up","RRM2/TOP2A/MKI67/HELLS/CDC25B/BIRC5/TPX2/ZWINT/TK1/CDKN3/ASPM/PLK1/CENPW/CENPF/CDT1/CENPA/STMN1/CENPN/TUBA1B/CKS1B/CCNA2/EZH2/UBE2C/AURKA/NUSAP1/TUBB4B/GADD45A/UBE2S/DLGAP5/MYBL2/CKS2/MCM7/CENPM/ITGB1/TUBA1C/CDC20/CDKN2C/CEP55/SMC2/TIPIN/KIF20B/PCNA/TUBB/CDKN2D/PRKCB/CKAP2/FLNA/SMC4/RPA3/RRM1/MAD2L2/CCDC124/TXNL4A/RANBP1/GSPT1/ANAPC15/PTTG1/STAT5B/KIF22/EIF4E/RAN/DBF4/SRPK1/RNASEH2B/NASP/PRKDC/TFDP1/MZT1/GNAI2/RGCC/ACTB/CTDSP2/SKA2",1
"GO:0007059","chromosome segregation",96,0.632556041611201,2.01068012395503,1.45889587282012e-09,4.97275078935545e-07,4.4534716117667e-07,342,"tags=39%, list=15%, signal=34%","7153/4288/332/22974/11130/259266/5347/387103/1063/81620/55839/11065/6790/51203/9787/4605/79019/991/10592/203068/2316/10051/10459/25906/9232/3835/5901/6732/440145/60/348235/292/9275/56984/6598/6605/1453","BP","Up","TOP2A/MKI67/BIRC5/TPX2/ZWINT/ASPM/PLK1/CENPW/CENPF/CDT1/CENPN/UBE2C/AURKA/NUSAP1/DLGAP5/MYBL2/CENPM/CDC20/SMC2/TUBB/FLNA/SMC4/MAD2L2/ANAPC15/PTTG1/KIF22/RAN/SRPK1/MZT1/ACTB/SKA2/SLC25A5/BCL7B/PSMG2/SMARCB1/SMARCE1/CSNK1D",1
"GO:0007088","regulation of mitotic nuclear division",33,0.704844666934863,1.95660982051252,1.09799080028267e-05,0.00093564501766945,0.000837940347584146,305,"tags=52%, list=13%, signal=45%","4288/332/11130/5347/1063/11065/6790/51203/9787/991/9585/10459/25906/28984/7124/940/56984","BP","Up","MKI67/BIRC5/ZWINT/PLK1/CENPF/UBE2C/AURKA/NUSAP1/DLGAP5/CDC20/KIF20B/MAD2L2/ANAPC15/RGCC/TNF/CD28/PSMG2",1
"GO:0007127","meiosis I",13,0.848731188849458,1.96531082406026,7.98796049667726e-06,0.000749626254905637,0.000671346582017225,140,"tags=54%, list=6%, signal=51%","7153/994/11130/5347/6790/1164/9232","BP","Up","TOP2A/CDC25B/ZWINT/PLK1/AURKA/CKS2/PTTG1",1
"GO:0007346","regulation of mitotic cell cycle",117,0.558098864265026,1.80980221278356,2.46920791658513e-06,0.000294576504448606,0.000263815372140411,467,"tags=39%, list=20%, signal=33%","6241/4288/994/332/11130/5347/1063/1163/2146/11065/6790/51203/9787/1164/991/1031/54962/9585/1032/6119/6240/10459/25906/6777/1977/79621/5591/7027/28984/60/10106/7124/940/9275/56984/6598/6605/51065/1642/415116/8826/1021/5300/51499/6599/5885","BP","Up","RRM2/MKI67/CDC25B/BIRC5/ZWINT/PLK1/CENPF/CKS1B/EZH2/UBE2C/AURKA/NUSAP1/DLGAP5/CKS2/CDC20/CDKN2C/TIPIN/KIF20B/CDKN2D/RPA3/RRM1/MAD2L2/ANAPC15/STAT5B/EIF4E/RNASEH2B/PRKDC/TFDP1/RGCC/ACTB/CTDSP2/TNF/CD28/BCL7B/PSMG2/SMARCB1/SMARCE1/RPS27L/DDB1/PIM3/IQGAP1/CDK6/PIN1/TRIAP1/SMARCC1/RAD21",1
"GO:0008236","serine-type peptidase activity",15,0.739911215227539,1.76450333659195,0.00146301135453773,0.0490983376075977,0.0422194748886681,149,"tags=40%, list=6%, signal=38%","3002/2999/3001/1512/1803/5045","MF","Up","GZMB/GZMH/GZMA/CTSH/DPP4/FURIN",7
"GO:0010564","regulation of cell cycle process",140,0.530676240398182,1.73597490056809,1.84253302936729e-06,0.000241577854806859,0.000216351103038745,467,"tags=34%, list=20%, signal=29%","6241/4288/994/332/22974/11130/5347/1063/81620/2146/11065/6790/51203/9787/991/1031/10592/54962/9585/1032/10051/6240/10459/5902/25906/10926/79621/5591/7027/28984/60/10106/7124/940/9275/56984/6598/6605/51065/1642/811/57132/1021/5300/493/51499/6599/5885","BP","Up","RRM2/MKI67/CDC25B/BIRC5/TPX2/ZWINT/PLK1/CENPF/CDT1/EZH2/UBE2C/AURKA/NUSAP1/DLGAP5/CDC20/CDKN2C/SMC2/TIPIN/KIF20B/CDKN2D/SMC4/RRM1/MAD2L2/RANBP1/ANAPC15/DBF4/RNASEH2B/PRKDC/TFDP1/RGCC/ACTB/CTDSP2/TNF/CD28/BCL7B/PSMG2/SMARCB1/SMARCE1/RPS27L/DDB1/CALR/CHMP1B/CDK6/PIN1/ATP2B4/TRIAP1/SMARCC1/RAD21",1
"GO:0015630","microtubule cytoskeleton",226,0.429302213707011,1.44209530682551,0.00167430201528822,0.0243778373425964,0.0198801334025801,469,"tags=26%, list=20%, signal=23%","7153/994/332/22974/259266/5347/1063/3925/10376/890/6790/51203/10383/9787/3161/84790/991/55165/9585/5111/203068/5579/26586/11051/10459/115098/5902/25941/3835/7431/5901/11335/2597/440145/2771/28984/348235/292/10198/5692/1211/8514/1453/4627/1155/1108/5142/3799/25897/9126/8826/57132/1021/5300/10928/10574/7798/5885/7846","CC","Up","TOP2A/CDC25B/BIRC5/TPX2/ASPM/PLK1/CENPF/STMN1/TUBA1B/CCNA2/AURKA/NUSAP1/TUBB4B/DLGAP5/HMMR/TUBA1C/CDC20/CEP55/KIF20B/PCNA/TUBB/PRKCB/CKAP2/NUDT21/MAD2L2/CCDC124/RANBP1/TPGS2/KIF22/VIM/RAN/CBX3/GAPDH/MZT1/GNAI2/RGCC/SKA2/SLC25A5/MPHOSPH9/PSMB4/CLTA/KCNAB2/CSNK1D/MYH9/TBCB/CHD4/PDE4B/KIF5B/RNF19A/SMC3/IQGAP1/CHMP1B/CDK6/PIN1/RALBP1/CCT7/LUZP1/RAD21/TUBA1A",1
"GO:0016538","cyclin-dependent protein serine/threonine kinase regulator activity",14,0.754955660573877,1.77838601158743,0.00152135693995373,0.0490983376075977,0.0422194748886681,98,"tags=36%, list=4%, signal=34%","1163/890/1164/1031/1032","MF","Up","CKS1B/CCNA2/CKS2/CDKN2C/CDKN2D",5
"GO:0017171","serine hydrolase activity",15,0.739911215227539,1.76450333659195,0.00146301135453773,0.0490983376075977,0.0422194748886681,149,"tags=40%, list=6%, signal=38%","3002/2999/3001/1512/1803/5045","MF","Up","GZMB/GZMH/GZMA/CTSH/DPP4/FURIN",7
"GO:0019814","immunoglobulin complex",11,0.79496809203561,1.78486015318563,0.00179986880582832,0.0248124043241668,0.0202345229017208,333,"tags=73%, list=14%, signal=63%","3507/3514/3538/3502/3493/3539/3500/3512","CC","Up","IGHM/IGKC/IGLC2/IGHG3/IGHA1/IGLC3/IGHG1/JCHAIN",3
"GO:0019884","antigen processing and presentation of exogenous antigen",16,0.817509946201328,1.96849117938801,1.29183799449688e-05,0.00104582573277926,0.000936615448688361,254,"tags=50%, list=11%, signal=45%","3127/3119/3113/3117/3123/3122/3115/972","BP","Up","HLA-DRB5/HLA-DQB1/HLA-DPA1/HLA-DQA1/HLA-DRB1/HLA-DRA/HLA-DPB1/CD74",3
"GO:0019886","antigen processing and presentation of exogenous peptide antigen via MHC class II",11,0.865395391513994,1.94718804685972,8.94338125242563e-05,0.00444560576422657,0.00398137367158422,254,"tags=73%, list=11%, signal=65%","3127/3119/3113/3117/3123/3122/3115/972","BP","Up","HLA-DRB5/HLA-DQB1/HLA-DPA1/HLA-DQA1/HLA-DRB1/HLA-DRA/HLA-DPB1/CD74",3
"GO:0022402","cell cycle process",243,0.565707302671939,1.89977683884436,1e-10,4.90885371871414e-08,4.39624698856916e-08,239,"tags=26%, list=10%, signal=26%","6241/7153/4288/994/332/22974/11130/7083/1033/259266/5347/387103/1063/81620/1058/3925/55839/1163/890/2146/11065/6790/51203/1647/27338/9787/4605/1164/79019/3688/991/1031/55165/10592/54962/9585/5111/203068/1032/5579/26586/2316/10051/6240/10459/5902/2935/25906/9232/3835/1977/5901/10926/6732/79621/5591/7027/440145/28984/60/10106/348235","BP","Up","RRM2/TOP2A/MKI67/CDC25B/BIRC5/TPX2/ZWINT/TK1/CDKN3/ASPM/PLK1/CENPW/CENPF/CDT1/CENPA/STMN1/CENPN/CKS1B/CCNA2/EZH2/UBE2C/AURKA/NUSAP1/GADD45A/UBE2S/DLGAP5/MYBL2/CKS2/CENPM/ITGB1/CDC20/CDKN2C/CEP55/SMC2/TIPIN/KIF20B/PCNA/TUBB/CDKN2D/PRKCB/CKAP2/FLNA/SMC4/RRM1/MAD2L2/RANBP1/GSPT1/ANAPC15/PTTG1/KIF22/EIF4E/RAN/DBF4/SRPK1/RNASEH2B/PRKDC/TFDP1/MZT1/RGCC/ACTB/CTDSP2/SKA2",1
"GO:0022625","cytosolic large ribosomal subunit",54,-0.567241129107361,-2.40427632521942,2.77636995662595e-07,5.05299332105922e-05,4.12071751457114e-05,810,"tags=81%, list=35%, signal=55%","6132/6159/6124/9045/6139/6175/6141/6125/6138/285855/23521/6157/11224/6133/6168/4736/6167/6143/6129/6147/6142/6181/6155/7311/6154/6122/6135/6146/6176/6134/6128/6161/6137/6136/6170/6165/6164/25873/6156/6160/6144/6171/6169/6173","CC","Down","RPL8/RPL29/RPL4/RPL14/RPL17/RPLP0/RPL18/RPL5/RPL15/RPL7L1/RPL13A/RPL27A/RPL35/RPL9/RPL37A/RPL10A/RPL37/RPL19/RPL7/RPL23A/RPL18A/RPLP2/RPL27/UBA52/RPL26/RPL3/RPL11/RPL22/RPLP1/RPL10/RPL6/RPL32/RPL13/RPL12/RPL39/RPL35A/RPL34/RPL36/RPL30/RPL31/RPL21/RPL41/RPL38/RPL36A",4
"GO:0022626","cytosolic ribosome",96,-0.46665531831382,-2.20916807375411,5.842911443595e-08,2.12681976546858e-05,1.73442213378294e-05,824,"tags=78%, list=35%, signal=53%","6193/6203/6132/1654/6159/6187/6124/9045/6139/6175/6141/28985/6188/6201/6125/6138/285855/6223/6224/23521/6157/6207/6210/11224/6133/6228/6168/4736/6217/6167/6143/6208/6129/6147/6142/6181/6155/7311/6233/6191/6154/6122/6135/6234/6231/6146/6176/1915/83939/6134/6218/6128/6202/6206/6161/6222/6137/6189/6136/6170/6165/6164/25873/6156/6192/6204/6160/6144/6230/6194/6171/6235/6169/6232/6173","CC","Down","RPS5/RPS9/RPL8/DDX3X/RPL29/RPS2/RPL4/RPL14/RPL17/RPLP0/RPL18/MCTS1/RPS3/RPS7/RPL5/RPL15/RPL7L1/RPS19/RPS20/RPL13A/RPL27A/RPS13/RPS15A/RPL35/RPL9/RPS23/RPL37A/RPL10A/RPS16/RPL37/RPL19/RPS14/RPL7/RPL23A/RPL18A/RPLP2/RPL27/UBA52/RPS27A/RPS4X/RPL26/RPL3/RPL11/RPS28/RPS26/RPL22/RPLP1/EEF1A1/EIF2A/RPL10/RPS17/RPL6/RPS8/RPS12/RPL32/RPS18/RPL13/RPS3A/RPL12/RPL39/RPL35A/RPL34/RPL36/RPL30/RPS4Y1/RPS10/RPL31/RPL21/RPS25/RPS6/RPL41/RPS29/RPL38/RPS27/RPL36A",4
"GO:0022627","cytosolic small ribosomal subunit",38,-0.531455607516979,-2.0911202593177,5.69419192958144e-05,0.00230298429151961,0.0018780843557216,857,"tags=89%, list=37%, signal=58%","6209/6227/6205/6193/6203/1654/6187/28985/6188/6201/6223/6224/6207/6210/6228/6217/6208/7311/6233/6191/6234/6231/83939/6218/6202/6206/6222/6189/6192/6204/6230/6194/6235/6232","CC","Down","RPS15/RPS21/RPS11/RPS5/RPS9/DDX3X/RPS2/MCTS1/RPS3/RPS7/RPS19/RPS20/RPS13/RPS15A/RPS23/RPS16/RPS14/UBA52/RPS27A/RPS4X/RPS28/RPS26/EIF2A/RPS17/RPS8/RPS12/RPS18/RPS3A/RPS4Y1/RPS10/RPS25/RPS6/RPS29/RPS27",4
"GO:0030554","adenyl nucleotide binding",213,0.444174870869334,1.47854515977017,0.000565532757822103,0.0346530891203044,0.0297980603258362,462,"tags=29%, list=20%, signal=25%","7153/4288/3070/7083/5347/2752/11065/6790/3033/29028/27338/80119/4176/10592/1665/375449/9585/5579/10212/4076/10051/6240/3835/6732/5315/5591/2597/71/3421/4830/60/5965/5613/7334/142/54926/10054/7520/37/8428/1453/4627/1108/5142/3799/5981/953/9126/3418/415116/489/1021/3320/3336/23/7415/10928/493/10574/7332/7867","MF","Up","TOP2A/MKI67/HELLS/TK1/PLK1/GLUL/UBE2C/AURKA/HADH/ATAD2/UBE2S/PIF1/MCM7/SMC2/DHX15/MAST4/KIF20B/PRKCB/DDX39A/CAPRIN1/SMC4/RRM1/KIF22/SRPK1/PKM/PRKDC/GAPDH/ACTG1/IDH3G/NME1/ACTB/RECQL/PRKX/UBE2N/PARP1/UBE2R2/UBA2/XRCC5/ACADVL/STK24/CSNK1D/MYH9/CHD4/PDE4B/KIF5B/RFC1/ENTPD1/SMC3/IDH2/PIM3/ATP2A3/CDK6/HSP90AA1/HSPE1/ABCF1/VCP/RALBP1/ATP2B4/CCT7/UBE2L3/MAPKAPK3",9
"GO:0031461","cullin-RING ubiquitin ligase complex",27,0.679975163101598,1.82172546527489,0.000434042252511504,0.00987446124463671,0.00805262600054237,137,"tags=26%, list=6%, signal=25%","1163/11065/27338/1164/991/10459/25906","CC","Up","CKS1B/UBE2C/UBE2S/CKS2/CDC20/MAD2L2/ANAPC15",1
"GO:0032559","adenyl ribonucleotide binding",202,0.439554354577008,1.46095071520284,0.000585686013300919,0.0346530891203044,0.0297980603258362,462,"tags=28%, list=20%, signal=25%","7153/4288/3070/7083/5347/2752/11065/6790/29028/27338/80119/4176/10592/1665/375449/9585/5579/10212/4076/10051/6240/3835/6732/5315/5591/71/3421/4830/60/5965/5613/7334/54926/10054/7520/37/8428/1453/4627/1108/5142/3799/5981/953/9126/415116/489/1021/3320/3336/23/7415/10928/493/10574/7332/7867","MF","Up","TOP2A/MKI67/HELLS/TK1/PLK1/GLUL/UBE2C/AURKA/ATAD2/UBE2S/PIF1/MCM7/SMC2/DHX15/MAST4/KIF20B/PRKCB/DDX39A/CAPRIN1/SMC4/RRM1/KIF22/SRPK1/PKM/PRKDC/ACTG1/IDH3G/NME1/ACTB/RECQL/PRKX/UBE2N/UBE2R2/UBA2/XRCC5/ACADVL/STK24/CSNK1D/MYH9/CHD4/PDE4B/KIF5B/RFC1/ENTPD1/SMC3/PIM3/ATP2A3/CDK6/HSP90AA1/HSPE1/ABCF1/VCP/RALBP1/ATP2B4/CCT7/UBE2L3/MAPKAPK3",9
"GO:0032993","protein-DNA complex",207,0.434318666635074,1.4554367273304,0.00123401045275161,0.0204172638546175,0.0166502845777968,531,"tags=33%, list=23%, signal=28%","3070/6659/5347/1063/1058/2146/79413/3148/4176/10365/7112/10592/54962/63901/124944/5111/3151/6119/10765/10459/6777/3835/199990/5901/11168/824/6732/3516/11335/10538/8553/81611/4678/8932/5591/7027/71/7913/60/64710/142/23512/9275/7520/23468/3659/6598/5966/5425/6605/1108/9126/2186/6304/3150/1786/6599/5885/54107/6418/80314/7259/9643/2354/51105/3660/50809/1390/3091","CC","Up","HELLS/SOX4/PLK1/CENPF/CENPA/EZH2/ZBED2/HMGB2/MCM7/KLF2/TMPO/SMC2/TIPIN/FAM111A/C17orf49/PCNA/HMGN2/RPA3/KDM5B/MAD2L2/STAT5B/KIF22/FAAP20/RAN/PSIP1/CAPN2/SRPK1/RBPJ/CBX3/BATF/BHLHE40/ANP32E/NASP/MBD2/PRKDC/TFDP1/ACTG1/DEK/ACTB/NUCKS1/PARP1/SUZ12/BCL7B/XRCC5/CBX5/IRF1/SMARCB1/REL/POLD2/SMARCE1/CHD4/SMC3/BPTF/SATB1/HMGN1/DNMT1/SMARCC1/RAD21/POLE3/SET/EPC1/TSPYL1/MORF4L2/FOSB/PHF20L1/IRF2/HP1BP3/CREM/HIF1A",2
"GO:0033044","regulation of chromosome organization",64,0.58451697630004,1.78498202174033,6.78988165187316e-05,0.00360014613808208,0.00322420111188363,339,"tags=36%, list=14%, signal=32%","7153/332/11130/5347/1063/11065/9787/80119/991/10592/167227/10051/10459/25906/10923/60/3184/142/9275/56984/7520/6598/6605","BP","Up","TOP2A/BIRC5/ZWINT/PLK1/CENPF/UBE2C/DLGAP5/PIF1/CDC20/SMC2/DCP2/SMC4/MAD2L2/ANAPC15/SUB1/ACTB/HNRNPD/PARP1/BCL7B/PSMG2/XRCC5/SMARCB1/SMARCE1",1
"GO:0042605","peptide antigen binding",15,0.766892476431224,1.828846901657,0.000445972685812896,0.0346530891203044,0.0297980603258362,228,"tags=47%, list=10%, signal=42%","3127/3119/3113/3117/3123/3122/3115","MF","Up","HLA-DRB5/HLA-DQB1/HLA-DPA1/HLA-DQA1/HLA-DRB1/HLA-DRA/HLA-DPB1",3
"GO:0042611","MHC protein complex",14,0.81255116166988,1.92895929670517,7.56228010710813e-05,0.00275266995898736,0.00224480314758368,254,"tags=57%, list=11%, signal=51%","3127/3119/3113/3117/3123/3122/3115/972","CC","Up","HLA-DRB5/HLA-DQB1/HLA-DPA1/HLA-DQA1/HLA-DRB1/HLA-DRA/HLA-DPB1/CD74",3
"GO:0044194","cytolytic granule",10,0.7612292356422,1.67819477508048,0.00332236122095891,0.0390109511106143,0.0318134419120683,17,"tags=30%, list=1%, signal=30%","3002/10578/2999","CC","Up","GZMB/GNLY/GZMH",7
"GO:0044770","cell cycle phase transition",117,0.572468615293879,1.85640042122717,5.15879569849438e-07,8.79206181186257e-05,7.8739513292809e-05,238,"tags=28%, list=10%, signal=27%","6241/994/332/11130/1033/5347/1063/81620/1163/890/2146/11065/6790/27338/9787/1164/3688/991/1031/54962/1032/6240/10459/2935/25906/1977/10926/79621/5591/7027/28984/60/10106","BP","Up","RRM2/CDC25B/BIRC5/ZWINT/CDKN3/PLK1/CENPF/CDT1/CKS1B/CCNA2/EZH2/UBE2C/AURKA/UBE2S/DLGAP5/CKS2/ITGB1/CDC20/CDKN2C/TIPIN/CDKN2D/RRM1/MAD2L2/GSPT1/ANAPC15/EIF4E/DBF4/RNASEH2B/PRKDC/TFDP1/RGCC/ACTB/CTDSP2",1
"GO:0044772","mitotic cell cycle phase transition",109,0.574883242579655,1.85648113547365,3.14028599185218e-07,6.24393531379942e-05,5.59191277496485e-05,238,"tags=28%, list=10%, signal=27%","6241/994/332/11130/1033/5347/1063/1163/890/2146/11065/6790/27338/9787/1164/3688/991/1031/1032/6240/10459/2935/25906/1977/10926/79621/5591/7027/28984/60/10106","BP","Up","RRM2/CDC25B/BIRC5/ZWINT/CDKN3/PLK1/CENPF/CKS1B/CCNA2/EZH2/UBE2C/AURKA/UBE2S/DLGAP5/CKS2/ITGB1/CDC20/CDKN2C/CDKN2D/RRM1/MAD2L2/GSPT1/ANAPC15/EIF4E/DBF4/RNASEH2B/PRKDC/TFDP1/RGCC/ACTB/CTDSP2",1
"GO:0044877","protein-containing complex binding",354,0.419278579901166,1.42423920522177,0.000227860029549989,0.0281702997706911,0.0242235342727959,485,"tags=30%, list=21%, signal=28%","7153/3070/5347/1063/81620/1058/161176/2146/29028/1647/27338/1164/3127/3688/991/10592/5111/203068/23406/5579/26147/2316/3151/10051/11051/7171/81/6777/3119/3845/5901/3113/824/11034/11047/9948/3516/3117/11335/5315/5250/8932/3123/2771/3122/6626/3146/4830/60/3682/3115/64710/54499/3184/241/3936/3958/972/81873/142/7094/10092/23512/2107/28988/3500/7520/23468/1211/6598/4302/3512/57175/6605/4627/5034/1108/1265/6628/5478/3799/1642/10163/10213/30968/9126/811/3150/1508/8826/4706/25828/3320/7415/26135/5879/1786/10952/6599/5885/7846/54107/6418/752/7259/3689","MF","Up","TOP2A/HELLS/PLK1/CENPF/CDT1/CENPA/SYNE3/EZH2/ATAD2/GADD45A/UBE2S/CKS2/HLA-DRB5/ITGB1/CDC20/SMC2/PCNA/TUBB/COTL1/PRKCB/PHF19/FLNA/HMGN2/SMC4/NUDT21/TPM4/ACTN4/STAT5B/HLA-DQB1/KRAS/RAN/HLA-DPA1/CAPN2/DSTN/ADRM1/WDR1/RBPJ/HLA-DQA1/CBX3/PKM/SLC25A3/MBD2/HLA-DRB1/GNAI2/HLA-DRA/SNRPA/HMGB1/NME1/ACTB/ITGAE/HLA-DPB1/NUCKS1/TMCO1/HNRNPD/ALOX5AP/LCP1/LGALS3/CD74/ARPC5L/PARP1/TLN1/ARPC5/SUZ12/ETF1/DBNL/IGHG1/XRCC5/CBX5/CLTA/SMARCB1/MLLT6/JCHAIN/CORO1B/SMARCE1/MYH9/P4HB/CHD4/CNN2/SNRPB/PPIA/KIF5B/DDB1/WASF2/PSMD14/STOML2/SMC3/CALR/HMGN1/CTSB/IQGAP1/NDUFAB1/TXN2/HSP90AA1/VCP/SERBP1/RAC1/DNMT1/SEC61B/SMARCC1/RAD21/TUBA1A/POLE3/SET/FMNL1/TSPYL1/ITGB2",2
"GO:0045787","positive regulation of cell cycle",58,0.639359049984809,1.92828210581909,2.77773449780783e-06,0.0003156035481795,0.00028264666819799,289,"tags=36%, list=12%, signal=33%","6241/994/332/2146/11065/6790/51203/9787/991/10592/9585/10051/6240/5902/6777/1977/10926/7027/28984/7124/940","BP","Up","RRM2/CDC25B/BIRC5/EZH2/UBE2C/AURKA/NUSAP1/DLGAP5/CDC20/SMC2/KIF20B/SMC4/RRM1/RANBP1/STAT5B/EIF4E/DBF4/TFDP1/RGCC/TNF/CD28",1
"GO:0045931","positive regulation of mitotic cell cycle",31,0.680969672831306,1.87533738785565,6.97448252813281e-05,0.00361763376350541,0.00323986259316009,217,"tags=35%, list=9%, signal=33%","6241/994/11065/6790/9787/991/6240/6777/1977/7027/28984","BP","Up","RRM2/CDC25B/UBE2C/AURKA/DLGAP5/CDC20/RRM1/STAT5B/EIF4E/TFDP1/RGCC",1
"GO:0048285","organelle fission",96,0.630132102952583,2.00297524887368,1.93824732614433e-09,5.13850902242263e-07,4.60192055213215e-07,305,"tags=35%, list=13%, signal=32%","7153/4288/994/332/22974/11130/259266/5347/1063/81620/11065/6790/51203/27338/9787/4605/1164/991/10592/9585/2316/10051/10459/5902/25906/9232/3835/5901/440145/28984/348235/7124/940/56984","BP","Up","TOP2A/MKI67/CDC25B/BIRC5/TPX2/ZWINT/ASPM/PLK1/CENPF/CDT1/UBE2C/AURKA/NUSAP1/UBE2S/DLGAP5/MYBL2/CKS2/CDC20/SMC2/KIF20B/FLNA/SMC4/MAD2L2/RANBP1/ANAPC15/PTTG1/KIF22/RAN/MZT1/RGCC/SKA2/TNF/CD28/PSMG2",1
"GO:0051276","chromosome organization",133,0.599845305615943,1.96072360942253,6.89832446774682e-10,2.74323369667398e-07,2.45677169640808e-07,316,"tags=34%, list=13%, signal=31%","7153/332/22974/11130/5347/387103/1063/81620/1058/3149/55839/2146/11065/51203/3148/9787/80119/4605/4176/991/10592/5111/167227/2316/10051/6119/10459/25906/9232/3835/5901/10923/4678/5591/440145/3146/60/5965/348235/3184/142/9275/56984/7520/6598","BP","Up","TOP2A/BIRC5/TPX2/ZWINT/PLK1/CENPW/CENPF/CDT1/CENPA/HMGB3/CENPN/EZH2/UBE2C/NUSAP1/HMGB2/DLGAP5/PIF1/MYBL2/MCM7/CDC20/SMC2/PCNA/DCP2/FLNA/SMC4/RPA3/MAD2L2/ANAPC15/PTTG1/KIF22/RAN/SUB1/NASP/PRKDC/MZT1/HMGB1/ACTB/RECQL/SKA2/HNRNPD/PARP1/BCL7B/PSMG2/XRCC5/SMARCB1",1
"GO:0051301","cell division",140,0.608613456353667,1.99092705485591,1e-10,4.90885371871414e-08,4.39624698856916e-08,140,"tags=25%, list=6%, signal=25%","7153/3070/994/332/22974/11130/259266/5347/387103/1063/81620/1058/3925/10376/1163/890/11065/6790/51203/27338/1164/84790/991/55165/10592/54962/9585/203068/26586/10051/10459/115098/10907/25906/9232","BP","Up","TOP2A/HELLS/CDC25B/BIRC5/TPX2/ZWINT/ASPM/PLK1/CENPW/CENPF/CDT1/CENPA/STMN1/TUBA1B/CKS1B/CCNA2/UBE2C/AURKA/NUSAP1/UBE2S/CKS2/TUBA1C/CDC20/CEP55/SMC2/TIPIN/KIF20B/TUBB/CKAP2/SMC4/MAD2L2/CCDC124/TXNL4A/ANAPC15/PTTG1",1
"GO:0051304","chromosome separation",23,0.751526599387261,1.97352768127918,1.65569252936766e-05,0.00119711587123371,0.00107210712427954,137,"tags=48%, list=6%, signal=45%","332/11130/5347/1063/11065/9787/991/10592/10051/10459/25906","BP","Up","BIRC5/ZWINT/PLK1/CENPF/UBE2C/DLGAP5/CDC20/SMC2/SMC4/MAD2L2/ANAPC15",1
"GO:0051321","meiotic cell cycle",36,0.697865819625688,1.97018650384386,1.31495272352799e-05,0.00104582573277926,0.000936615448688361,140,"tags=33%, list=6%, signal=32%","7153/994/11130/259266/5347/6790/1164/991/10592/10051/25906/9232","BP","Up","TOP2A/CDC25B/ZWINT/ASPM/PLK1/AURKA/CKS2/CDC20/SMC2/SMC4/ANAPC15/PTTG1",1
"GO:0051726","regulation of cell cycle",210,0.492710126880795,1.65046118787371,9.39215616923885e-07,0.000140060528873774,0.000125434717260229,495,"tags=32%, list=21%, signal=28%","6241/4288/994/332/22974/11130/1033/259266/5347/1063/81620/1163/890/2146/11065/6790/51203/1647/9787/1164/3688/991/1031/10592/54962/9585/1032/10051/6119/6240/10459/5902/25906/6777/1977/10926/79621/5591/7027/28984/60/10106/7124/940/9275/56984/3659/6598/581/6605/5496/51065/1642/4616/811/415116/8826/57132/1021/5300/493/51499/6599/5885/80314/1981/9643","BP","Up","RRM2/MKI67/CDC25B/BIRC5/TPX2/ZWINT/CDKN3/ASPM/PLK1/CENPF/CDT1/CKS1B/CCNA2/EZH2/UBE2C/AURKA/NUSAP1/GADD45A/DLGAP5/CKS2/ITGB1/CDC20/CDKN2C/SMC2/TIPIN/KIF20B/CDKN2D/SMC4/RPA3/RRM1/MAD2L2/RANBP1/ANAPC15/STAT5B/EIF4E/DBF4/RNASEH2B/PRKDC/TFDP1/RGCC/ACTB/CTDSP2/TNF/CD28/BCL7B/PSMG2/IRF1/SMARCB1/BAX/SMARCE1/PPM1G/RPS27L/DDB1/GADD45B/CALR/PIM3/IQGAP1/CHMP1B/CDK6/PIN1/ATP2B4/TRIAP1/SMARCC1/RAD21/EPC1/EIF4G1/MORF4L2",1
"GO:0051783","regulation of nuclear division",35,0.683417039118255,1.92299604693321,4.8556568755902e-05,0.00266843326342928,0.0023897822935375,305,"tags=49%, list=13%, signal=43%","4288/332/11130/5347/1063/11065/6790/51203/9787/991/9585/10459/25906/28984/7124/940/56984","BP","Up","MKI67/BIRC5/ZWINT/PLK1/CENPF/UBE2C/AURKA/NUSAP1/DLGAP5/CDC20/KIF20B/MAD2L2/ANAPC15/RGCC/TNF/CD28/PSMG2",1
"GO:0051983","regulation of chromosome segregation",35,0.682367586417268,1.92004310125008,4.92083250590479e-05,0.00266843326342928,0.0023897822935375,339,"tags=49%, list=14%, signal=42%","4288/332/11130/5347/1063/11065/9787/991/10592/10051/10459/25906/60/9275/56984/6598/6605","BP","Up","MKI67/BIRC5/ZWINT/PLK1/CENPF/UBE2C/DLGAP5/CDC20/SMC2/SMC4/MAD2L2/ANAPC15/ACTB/BCL7B/PSMG2/SMARCB1/SMARCE1",1
"GO:0061982","meiosis I cell cycle process",14,0.856765728053662,2.00476972821157,4.16401222119822e-06,0.000451606052717225,0.000404447120049397,140,"tags=57%, list=6%, signal=54%","7153/994/11130/5347/6790/1164/991/9232","BP","Up","TOP2A/CDC25B/ZWINT/PLK1/AURKA/CKS2/CDC20/PTTG1",1
"GO:0071824","protein-DNA complex organization",175,0.483859726903202,1.60609916514184,3.0897594013342e-05,0.00191953550561596,0.00171908813535112,541,"tags=36%, list=23%, signal=30%","4288/3070/387103/1063/81620/1058/55839/2146/6790/3148/9787/10365/124944/5579/26147/3151/23234/10765/6882/11168/6732/90390/11335/81611/4678/8932/5591/3146/7913/60/64710/23512/9320/9275/23468/6598/4302/6605/55011/1108/1642/91746/2186/6304/3150/64105/29079/23168/11164/2958/1786/6599/5885/54107/6418/55729/80314/7259/9643/50809/3428/10541/84661","BP","Up","MKI67/HELLS/CENPW/CENPF/CDT1/CENPA/CENPN/EZH2/AURKA/HMGB2/DLGAP5/KLF2/C17orf49/PRKCB/PHF19/HMGN2/DNAJC9/KDM5B/TAF11/PSIP1/SRPK1/MED30/CBX3/ANP32E/NASP/MBD2/PRKDC/HMGB1/DEK/ACTB/NUCKS1/SUZ12/TRIP12/BCL7B/CBX5/SMARCB1/MLLT6/SMARCE1/PIH1D1/CHD4/DDB1/YTHDC1/BPTF/SATB1/HMGN1/CENPK/MED4/RTF1/NUDT5/GTF2A2/DNMT1/SMARCC1/RAD21/POLE3/SET/ATF7IP/EPC1/TSPYL1/MORF4L2/HP1BP3/IFI16/ANP32B/DPY30",2
"GO:0071897","DNA biosynthetic process",43,0.650866823895996,1.88264875498797,4.03572597860374e-05,0.00229267671070203,0.00205326409437734,472,"tags=53%, list=20%, signal=44%","7298/7083/1063/890/80119/5111/7398/1032/167227/6240/10459/199990/7027/28984/3184/7124/7520/5425/5981/3320/7415/10574/54107","BP","Up","TYMS/TK1/CENPF/CCNA2/PIF1/PCNA/USP1/CDKN2D/DCP2/RRM1/MAD2L2/FAAP20/TFDP1/RGCC/HNRNPD/TNF/XRCC5/POLD2/RFC1/HSP90AA1/VCP/CCT7/POLE3",2
"GO:0072562","blood microparticle",27,0.649650730829661,1.74048310013054,0.00184048054052886,0.0248124043241668,0.0202345229017208,333,"tags=44%, list=14%, signal=39%","3507/3514/3538/3039/3502/3493/308/3539/71/60/3500/3512","CC","Up","IGHM/IGKC/IGLC2/HBA1/IGHG3/IGHA1/ANXA5/IGLC3/ACTG1/ACTB/IGHG1/JCHAIN",3
"GO:0072686","mitotic spindle",43,0.635365137787793,1.84914473224023,0.000113046823626862,0.00342908698334815,0.00279642142655922,158,"tags=26%, list=7%, signal=24%","22974/259266/5347/6790/51203/10383/9787/9585/203068/26586/3835","CC","Up","TPX2/ASPM/PLK1/AURKA/NUSAP1/TUBB4B/DLGAP5/KIF20B/TUBB/CKAP2/KIF22",1
"GO:0090068","positive regulation of cell cycle process",47,0.675991127854307,1.97654835249233,1.923713009778e-06,0.000241577854806859,0.000216351103038745,289,"tags=40%, list=12%, signal=36%","6241/994/332/2146/11065/6790/51203/9787/991/10592/9585/10051/6240/5902/10926/7027/28984/7124/940","BP","Up","RRM2/CDC25B/BIRC5/EZH2/UBE2C/AURKA/NUSAP1/DLGAP5/CDC20/SMC2/KIF20B/SMC4/RRM1/RANBP1/DBF4/TFDP1/RGCC/TNF/CD28",1
"GO:0097431","mitotic spindle pole",12,0.779130093911098,1.79489149135924,0.00146772207054783,0.0222604514033087,0.0181534045567758,93,"tags=33%, list=4%, signal=32%","259266/5347/6790/9585","CC","Up","ASPM/PLK1/AURKA/KIF20B",1
"GO:0098576","lumenal side of membrane",22,0.68968019586378,1.77233674375379,0.00112898084150412,0.019569001252738,0.0159585261806597,254,"tags=41%, list=11%, signal=37%","622/3127/3119/3113/3117/3123/3122/3115/972","CC","Up","BDH1/HLA-DRB5/HLA-DQB1/HLA-DPA1/HLA-DQA1/HLA-DRB1/HLA-DRA/HLA-DPB1/CD74",3
"GO:0098687","chromosomal region",101,0.548785490626729,1.76641055558067,2.50563386265974e-05,0.00114006340751018,0.000929722038513218,472,"tags=37%, list=20%, signal=31%","7153/3070/332/11130/5347/387103/1063/81620/1058/55839/2146/6790/80119/4176/79019/991/5111/10051/3835/11335/5591/60/348235/142/7520/23468/6598/6605/1108/1642/9126/64105/57132/1786/6599/5885/54107","CC","Up","TOP2A/HELLS/BIRC5/ZWINT/PLK1/CENPW/CENPF/CDT1/CENPA/CENPN/EZH2/AURKA/PIF1/MCM7/CENPM/CDC20/PCNA/SMC4/KIF22/CBX3/PRKDC/ACTB/SKA2/PARP1/XRCC5/CBX5/SMARCB1/SMARCE1/CHD4/DDB1/SMC3/CENPK/CHMP1B/DNMT1/SMARCC1/RAD21/POLE3",1
"GO:0098813","nuclear chromosome segregation",76,0.623935797464175,1.94790397753866,4.51446513767732e-07,8.28577986038314e-05,7.42053783763964e-05,418,"tags=43%, list=18%, signal=37%","7153/332/22974/11130/259266/5347/1063/81620/11065/6790/51203/9787/4605/991/10592/2316/10051/10459/25906/9232/3835/5901/440145/60/348235/9275/56984/6598/6605/1642/9126/64105/57132","BP","Up","TOP2A/BIRC5/TPX2/ZWINT/ASPM/PLK1/CENPF/CDT1/UBE2C/AURKA/NUSAP1/DLGAP5/MYBL2/CDC20/SMC2/FLNA/SMC4/MAD2L2/ANAPC15/PTTG1/KIF22/RAN/MZT1/ACTB/SKA2/BCL7B/PSMG2/SMARCB1/SMARCE1/DDB1/SMC3/CENPK/CHMP1B",1
"GO:0099080","supramolecular complex",248,0.438435219956211,1.47705487312595,0.000413641349403382,0.00987446124463671,0.00805262600054237,494,"tags=28%, list=21%, signal=25%","332/22974/11130/259266/5347/387103/1063/81620/3925/55839/10376/6790/51203/10383/79019/84790/991/1512/140465/9585/203068/23406/167227/26586/2316/4076/7171/25941/81/25804/3835/7431/57819/1977/1994/3123/71/7913/60/23589/348235/3936/23468/6598/6637/57175/6605/8514/1453/4627/1155/27257/2023/5142/3799/5685/8826/64105/57132/7415/493/5879/10574/11157/51719/6599/7846/4691/8653/1981","CC","Up","BIRC5/TPX2/ZWINT/ASPM/PLK1/CENPW/CENPF/CDT1/STMN1/CENPN/TUBA1B/AURKA/NUSAP1/TUBB4B/CENPM/TUBA1C/CDC20/CTSH/MYL6B/KIF20B/TUBB/COTL1/DCP2/CKAP2/FLNA/CAPRIN1/TPM4/TPGS2/ACTN4/LSM4/KIF22/VIM/LSM2/EIF4E/ELAVL1/HLA-DRB1/ACTG1/DEK/ACTB/CARHSP1/SKA2/LCP1/CBX5/SMARCB1/SNRPG/CORO1B/SMARCE1/KCNAB2/CSNK1D/MYH9/TBCB/LSM1/ENO1/PDE4B/KIF5B/PSMA4/IQGAP1/CENPK/CHMP1B/VCP/ATP2B4/RAC1/CCT7/LSM6/CAB39/SMARCC1/TUBA1A/NCL/DDX3Y/EIF4G1",1
"GO:0099081","supramolecular polymer",141,0.471149717948075,1.55040744215908,0.00111421584014149,0.019569001252738,0.0159585261806597,626,"tags=39%, list=27%, signal=30%","332/22974/259266/5347/3925/10376/6790/51203/10383/84790/140465/9585/203068/23406/26586/2316/7171/25941/81/3835/7431/3123/71/7913/60/348235/3936/57175/8514/1453/4627/1155/2023/5142/3799/8826/57132/493/5879/10574/51719/7846/10539/6902/10540/3611/10049/805/51181/8655/808/8087/8636/832/801","CC","Up","BIRC5/TPX2/ASPM/PLK1/STMN1/TUBA1B/AURKA/NUSAP1/TUBB4B/TUBA1C/MYL6B/KIF20B/TUBB/COTL1/CKAP2/FLNA/TPM4/TPGS2/ACTN4/KIF22/VIM/HLA-DRB1/ACTG1/DEK/ACTB/SKA2/LCP1/CORO1B/KCNAB2/CSNK1D/MYH9/TBCB/ENO1/PDE4B/KIF5B/IQGAP1/CHMP1B/ATP2B4/RAC1/CCT7/CAB39/TUBA1A/GLRX3/TBCA/DCTN2/ILK/DNAJB6/CALM2/DCXR/DYNLL1/CALM3/FXR1/SSNA1/CAPZB/CALM1",1
"GO:0099512","supramolecular fiber",141,0.471149717948075,1.55040744215908,0.00111421584014149,0.019569001252738,0.0159585261806597,626,"tags=39%, list=27%, signal=30%","332/22974/259266/5347/3925/10376/6790/51203/10383/84790/140465/9585/203068/23406/26586/2316/7171/25941/81/3835/7431/3123/71/7913/60/348235/3936/57175/8514/1453/4627/1155/2023/5142/3799/8826/57132/493/5879/10574/51719/7846/10539/6902/10540/3611/10049/805/51181/8655/808/8087/8636/832/801","CC","Up","BIRC5/TPX2/ASPM/PLK1/STMN1/TUBA1B/AURKA/NUSAP1/TUBB4B/TUBA1C/MYL6B/KIF20B/TUBB/COTL1/CKAP2/FLNA/TPM4/TPGS2/ACTN4/KIF22/VIM/HLA-DRB1/ACTG1/DEK/ACTB/SKA2/LCP1/CORO1B/KCNAB2/CSNK1D/MYH9/TBCB/ENO1/PDE4B/KIF5B/IQGAP1/CHMP1B/ATP2B4/RAC1/CCT7/CAB39/TUBA1A/GLRX3/TBCA/DCTN2/ILK/DNAJB6/CALM2/DCXR/DYNLL1/CALM3/FXR1/SSNA1/CAPZB/CALM1",1
"GO:0099513","polymeric cytoskeletal fiber",110,0.482196031025847,1.55981517607799,0.000905423799550755,0.0193867213550868,0.0158098768714126,365,"tags=26%, list=16%, signal=23%","332/22974/259266/5347/3925/10376/6790/51203/10383/84790/9585/203068/23406/26586/2316/7171/25941/3835/7431/3123/71/60/348235/3936/57175/8514/1453/1155/3799","CC","Up","BIRC5/TPX2/ASPM/PLK1/STMN1/TUBA1B/AURKA/NUSAP1/TUBB4B/TUBA1C/KIF20B/TUBB/COTL1/CKAP2/FLNA/TPM4/TPGS2/KIF22/VIM/HLA-DRB1/ACTG1/ACTB/SKA2/LCP1/CORO1B/KCNAB2/CSNK1D/TBCB/KIF5B",1
"GO:0140013","meiotic nuclear division",22,0.809919953251435,2.1066787673847,5.91574548899673e-07,9.4099791578308e-05,8.42734269660587e-05,140,"tags=50%, list=6%, signal=47%","7153/994/11130/259266/5347/6790/1164/991/10592/10051/9232","BP","Up","TOP2A/CDC25B/ZWINT/ASPM/PLK1/AURKA/CKS2/CDC20/SMC2/SMC4/PTTG1",1
"GO:0140014","mitotic nuclear division",79,0.630286706497512,1.97318112533206,1.07961764902663e-07,2.34178882779776e-05,2.0972476818412e-05,305,"tags=37%, list=13%, signal=33%","4288/332/22974/11130/5347/1063/81620/11065/6790/51203/27338/9787/4605/991/10592/9585/2316/10051/10459/5902/25906/3835/5901/440145/28984/348235/7124/940/56984","BP","Up","MKI67/BIRC5/TPX2/ZWINT/PLK1/CENPF/CDT1/UBE2C/AURKA/NUSAP1/UBE2S/DLGAP5/MYBL2/CDC20/SMC2/KIF20B/FLNA/SMC4/MAD2L2/RANBP1/ANAPC15/KIF22/RAN/MZT1/RGCC/SKA2/TNF/CD28/PSMG2",1
"GO:0140694","non-membrane-bounded organelle assembly",108,0.550678059219115,1.77616425384996,8.16860126887953e-06,0.000749626254905637,0.000671346582017225,418,"tags=29%, list=18%, signal=25%","1437/332/22974/259266/5347/387103/1063/1058/6790/9787/4605/3688/991/203068/2316/4076/25804/9948/5591/440145/71/3936/7124/28988/7520/1453/51065/1642/9126/64105/57132","BP","Up","CSF2/BIRC5/TPX2/ASPM/PLK1/CENPW/CENPF/CENPA/AURKA/DLGAP5/MYBL2/ITGB1/CDC20/TUBB/FLNA/CAPRIN1/LSM4/WDR1/PRKDC/MZT1/ACTG1/LCP1/TNF/DBNL/XRCC5/CSNK1D/RPS27L/DDB1/SMC3/CENPK/CHMP1B",1
"GO:1901987","regulation of cell cycle phase transition",90,0.559699339633235,1.76567849680716,3.1375475573773e-05,0.00191953550561596,0.00171908813535112,467,"tags=40%, list=20%, signal=33%","6241/994/332/11130/5347/1063/81620/2146/11065/6790/9787/991/1031/54962/1032/6240/10459/25906/10926/79621/5591/7027/28984/60/10106/9275/56984/6598/6605/51065/1642/1021/493/51499/6599/5885","BP","Up","RRM2/CDC25B/BIRC5/ZWINT/PLK1/CENPF/CDT1/EZH2/UBE2C/AURKA/DLGAP5/CDC20/CDKN2C/TIPIN/CDKN2D/RRM1/MAD2L2/ANAPC15/DBF4/RNASEH2B/PRKDC/TFDP1/RGCC/ACTB/CTDSP2/BCL7B/PSMG2/SMARCB1/SMARCE1/RPS27L/DDB1/CDK6/ATP2B4/TRIAP1/SMARCC1/RAD21",1
"GO:1901990","regulation of mitotic cell cycle phase transition",83,0.552568996035708,1.73740120752837,8.59942768685567e-05,0.00436558180017822,0.00390970620477425,369,"tags=34%, list=16%, signal=29%","6241/994/332/11130/5347/1063/2146/11065/6790/9787/991/1031/1032/6240/10459/25906/79621/5591/7027/28984/60/10106/9275/56984/6598/6605/51065/1642","BP","Up","RRM2/CDC25B/BIRC5/ZWINT/PLK1/CENPF/EZH2/UBE2C/AURKA/DLGAP5/CDC20/CDKN2C/CDKN2D/RRM1/MAD2L2/ANAPC15/RNASEH2B/PRKDC/TFDP1/RGCC/ACTB/CTDSP2/BCL7B/PSMG2/SMARCB1/SMARCE1/RPS27L/DDB1",1
"GO:1902494","catalytic complex",399,0.400029157392086,1.36611658825911,0.00100325392285567,0.019569001252738,0.0159585261806597,763,"tags=41%, list=33%, signal=34%","6241/7153/1163/890/2146/440567/11065/27338/1164/991/124944/5111/1032/26147/144983/6240/3182/10459/80777/1537/533/6882/25906/3028/57819/824/10926/11047/90390/79621/81611/8932/5591/71/3421/5714/2771/3939/7913/60/1351/5690/23589/10055/7334/84316/5692/4728/5694/6635/23512/374291/23587/9275/4729/8818/9377/10054/6636/7520/23468/6598/6637/90701/4726/5425/7388/6605/6391/5034/1108/2023/7386/6628/4716/1642/5981/10213/25897/2787/2186/11340/5685/9021/5688/4706/6632/2079/1021/9255/84153/23168/7415/5684/2958/5879/7332/51719/6599/54107/80314/4715/5695/9643/5691/51105/22913/5682/4707/23091/57128/4713/5529/10492/84661/23478/10540/27258/805/56655/51278/10992/10010/8655/9296/200185/3185/808/8896/27089/801/6634/55967/1349/1347/10250/6880/28972/1460/23524/51125/220988/51433/9978/60559/7329/9761/5721/5434/5886/1019/54461/2961/51646/4717/80218/9274/1650/51690/51639/92703/6883/3181/5439/7320","CC","Up","RRM2/TOP2A/CKS1B/CCNA2/EZH2/UQCRHL/UBE2C/UBE2S/CKS2/CDC20/C17orf49/PCNA/CDKN2D/PHF19/HNRNPA1L2/RRM1/HNRNPAB/MAD2L2/CYB5B/CYC1/ATP6V0B/TAF11/ANAPC15/HSD17B10/LSM2/CAPN2/DBF4/ADRM1/MED30/RNASEH2B/ANP32E/MBD2/PRKDC/ACTG1/IDH3G/PSMD8/GNAI2/LDHA/DEK/ACTB/COX8A/PSMB2/CARHSP1/SAE1/UBE2N/NAA38/PSMB4/NDUFS8/PSMB6/SNRPE/SUZ12/NDUFS7/ELP5/BCL7B/NDUFV2/DPM2/COX5A/UBA2/SNRPF/XRCC5/CBX5/SMARCB1/SNRPG/SEC11C/NDUFS6/POLD2/UQCRH/SMARCE1/SDHC/P4HB/CHD4/ENO1/UQCRFS1/SNRPB/NDUFB10/DDB1/RFC1/PSMD14/RNF19A/GNG5/BPTF/EXOSC8/PSMA4/SOCS3/PSMA7/NDUFAB1/SNRPD1/ERH/CDK6/AIMP1/RNASEH2C/RTF1/VCP/PSMA3/GTF2A2/RAC1/UBE2L3/CAB39/SMARCC1/POLE3/EPC1/NDUFB9/PSMB7/MORF4L2/PSMB3/PHF20L1/RALY/PSMA1/NDUFB1/ZC3H13/LYRM4/NDUFB7/PPP2R5E/SYNCRIP/DPY30/SEC11A/DCTN2/LSM3/CALM2/POLE4/IER5/SF3B2/TANK/DYNLL1/ATP6V1F/KRTCAP2/HNRNPF/CALM3/BUD31/UQCRQ/CALM1/SNRPD3/NDUFA12/COX7B/COX7A2/SRRM1/TAF9/SPCS1/CSNK2B/SRRM2/GOLGA7/HNRNPA3/ANAPC5/RBX1/SPCS3/UBE2I/MLEC/PSME2/POLR2E/RAD23A/CDK4/FBXW5/GTF2E2/YPEL5/NDUFC1/NAA50/BCL7C/DDOST/LSM7/SF3B6/TMEM183A/TAF12/HNRNPA2B1/POLR2J/UBE2B",2
"GO:1902850","microtubule cytoskeleton organization involved in mitosis",46,0.657892196472674,1.92472827414361,1.58789985657191e-05,0.00118397783055643,0.00106034102264506,206,"tags=30%, list=9%, signal=28%","332/22974/5347/1058/3925/6790/51203/9787/4605/3688/991/2316/5901/440145","BP","Up","BIRC5/TPX2/PLK1/CENPA/STMN1/AURKA/NUSAP1/DLGAP5/MYBL2/ITGB1/CDC20/FLNA/RAN/MZT1",1
"GO:1903046","meiotic cell cycle process",25,0.780488746136009,2.07016584669961,1.39814215489802e-06,0.000196233363622745,0.00017574170739585,140,"tags=44%, list=6%, signal=42%","7153/994/11130/259266/5347/6790/1164/991/10592/10051/9232","BP","Up","TOP2A/CDC25B/ZWINT/ASPM/PLK1/AURKA/CKS2/CDC20/SMC2/SMC4/PTTG1",1
"GO:1903047","mitotic cell cycle process",189,0.572893216440266,1.91065139002406,1e-10,4.90885371871414e-08,4.39624698856916e-08,239,"tags=28%, list=10%, signal=27%","6241/4288/994/332/22974/11130/7083/1033/5347/1063/81620/1058/3925/1163/890/2146/11065/6790/51203/27338/9787/4605/1164/3688/991/1031/55165/10592/54962/9585/5111/1032/5579/26586/2316/10051/6240/10459/5902/2935/25906/3835/1977/5901/10926/79621/5591/7027/440145/28984/60/10106/348235","BP","Up","RRM2/MKI67/CDC25B/BIRC5/TPX2/ZWINT/TK1/CDKN3/PLK1/CENPF/CDT1/CENPA/STMN1/CKS1B/CCNA2/EZH2/UBE2C/AURKA/NUSAP1/UBE2S/DLGAP5/MYBL2/CKS2/ITGB1/CDC20/CDKN2C/CEP55/SMC2/TIPIN/KIF20B/PCNA/CDKN2D/PRKCB/CKAP2/FLNA/SMC4/RRM1/MAD2L2/RANBP1/GSPT1/ANAPC15/KIF22/EIF4E/RAN/DBF4/RNASEH2B/PRKDC/TFDP1/MZT1/RGCC/ACTB/CTDSP2/SKA2",1
"GO:1904666","regulation of ubiquitin protein ligase activity",10,0.888637218749339,1.96039876890635,2.14873449662263e-05,0.00146482300255474,0.00131185895583276,121,"tags=50%, list=5%, signal=48%","5347/11065/27338/991/10459","BP","Up","PLK1/UBE2C/UBE2S/CDC20/MAD2L2",1
"GO:1905818","regulation of chromosome separation",22,0.758379203119481,1.97261637822862,2.90175830111931e-05,0.0018712419747218,0.00167583765327801,137,"tags=50%, list=6%, signal=48%","332/11130/5347/1063/11065/9787/991/10592/10051/10459/25906","BP","Up","BIRC5/ZWINT/PLK1/CENPF/UBE2C/DLGAP5/CDC20/SMC2/SMC4/MAD2L2/ANAPC15",1
"GO:2001251","negative regulation of chromosome organization",30,0.686472984693093,1.87916212628593,9.60875018531291e-05,0.00467887304941971,0.00419028203570036,171,"tags=37%, list=7%, signal=34%","7153/332/11130/5347/1063/80119/991/167227/10459/25906/10923","BP","Up","TOP2A/BIRC5/ZWINT/PLK1/CENPF/PIF1/CDC20/DCP2/MAD2L2/ANAPC15/SUB1",1
