"ID","Description","setSize","enrichmentScore","NES","pvalue","p.adjust","qvalue","rank","leading_edge","core_enrichment","direction","ontology","cell_type","cell_group","tissue","comparison","dataset"
"GO:0002250","adaptive immune response",193,0.659893535084137,2.44143989917876,1e-10,1.13878048780488e-08,8.78048780487805e-09,1069,"tags=37%, list=11%, signal=34%","3113/3115/301/3117/100423062/712/51561/973/2207/3127/3122/3119/5788/3109/717/3123/3956/3553/972/201294/7128/3108/725/1191/4067/1604/563/196/3659/915/9021/969/100/634/214/10865/384/6890/3133/3134/958/3716/55183/182/3426/80149/64167/64332/5585/27242/2956/23411/3572/10384/6774/4791/4683/165918/23075/7532/54542/6868/6885/118460/80758/8767/121260/4179/10892/3606/2033/10312","Up","BP","Stem_cells_OLFM4_PCNA","EPI","Colon","ActiveCD_vs_Control","dataset_02"
"GO:0006959","humoral immune response",93,0.706130978356041,2.42192848601608,1e-10,1.13878048780488e-08,8.78048780487805e-09,648,"tags=37%, list=7%, signal=34%","5068/4316/6280/5266/4069/5968/6373/712/1755/3119/5788/6351/717/11005/6348/3123/1671/240/3553/5967/2919/725/1670/1191/1604/2920/2/2921/3133/3426/28984/56477/27242/5196","Up","BP","Stem_cells_OLFM4_PCNA","EPI","Colon","ActiveCD_vs_Control","dataset_02"
"GO:0001906","cell killing",90,0.695194511810003,2.36496255158906,1e-10,1.13878048780488e-08,8.78048780487805e-09,512,"tags=33%, list=5%, signal=32%","4069/6373/51561/7305/3122/11151/5788/3123/1671/8542/201294/2919/2633/1670/3001/5320/2635/23705/5272/1604/563/634/2920/2921/2634/3133/3134/5295/55207/56477","Up","BP","Stem_cells_OLFM4_PCNA","EPI","Colon","ActiveCD_vs_Control","dataset_02"
"GO:0002460","adaptive immune response based on somatic recombination of immune receptors built from immunoglobulin superfamily domains",143,0.645596248027055,2.32607924587194,1e-10,1.13878048780488e-08,8.78048780487805e-09,1069,"tags=38%, list=11%, signal=34%","301/100423062/712/51561/2207/3122/5788/717/3123/3956/3553/972/201294/7128/725/1191/1604/563/196/9021/969/100/634/10865/3133/3134/958/3716/55183/182/3426/80149/64332/5585/2956/3572/10384/6774/4791/4683/165918/23075/7532/54542/6868/6885/118460/8767/121260/4179/10892/3606/2033/10312","Up","BP","Stem_cells_OLFM4_PCNA","EPI","Colon","ActiveCD_vs_Control","dataset_02"
"GO:0002449","lymphocyte mediated immunity",130,0.642664433826514,2.30349452593097,1e-10,1.13878048780488e-08,8.78048780487805e-09,1367,"tags=38%, list=15%, signal=33%","100423062/712/51561/2207/3122/11151/5788/717/3123/3553/972/201294/725/23705/1191/5272/1604/563/196/634/10865/3133/3134/5295/958/55183/182/3426/55207/64332/2956/10384/4683/165918/23075/7532/6885/118460/121260/4179/10892/3606/10312/2885/79915/3106/975/11118/4615","Up","BP","Stem_cells_OLFM4_PCNA","EPI","Colon","ActiveCD_vs_Control","dataset_02"
"GO:0002697","regulation of immune effector process",172,0.622000815408257,2.29476319281206,1e-10,1.13878048780488e-08,8.78048780487805e-09,1468,"tags=38%, list=16%, signal=32%","6280/301/684/51561/7305/7805/51237/3122/11213/5788/3109/11005/3123/3956/3553/972/201294/725/23705/3815/4067/5272/1604/563/8140/196/969/634/10865/2/5880/3133/144811/3134/3561/958/55601/55183/80149/64332/5585/51465/23411/7532/54542/4843/6885/118460/7494/8767/121260/4179/10892/3606/2033/2885/79915/3106/975/4615/3098/9188/6461/149041/26057","Up","BP","Stem_cells_OLFM4_PCNA","EPI","Colon","ActiveCD_vs_Control","dataset_02"
"GO:0070663","regulation of leukocyte proliferation",128,0.642076785631441,2.29152239197223,1e-10,1.13878048780488e-08,8.78048780487805e-09,1087,"tags=36%, list=12%, signal=32%","3113/3115/301/3620/684/51561/7305/51237/11151/5788/3109/3123/3553/972/652/7128/51083/5320/3815/4067/1604/196/57181/3659/100/384/5880/3133/5621/1265/958/57678/5530/5585/27242/57045/3572/8660/1026/4828/8767/1499/472/4179/3606/5573","Up","BP","Stem_cells_OLFM4_PCNA","EPI","Colon","ActiveCD_vs_Control","dataset_02"
"GO:0002443","leukocyte mediated immunity",171,0.61609848250493,2.2698504526384,1e-10,1.13878048780488e-08,8.78048780487805e-09,1385,"tags=35%, list=15%, signal=30%","684/100423062/712/51561/7305/2207/3122/11151/5788/717/6348/3123/3553/972/201294/725/23705/1191/3815/4067/5272/1604/563/196/634/10865/5880/3133/3134/5295/958/55183/182/306/3426/55207/64332/2956/10384/4683/165918/23075/7532/4843/6868/6885/118460/121260/4179/10892/3606/10312/2885/79915/6814/3106/975/11118/4615/9188","Up","BP","Stem_cells_OLFM4_PCNA","EPI","Colon","ActiveCD_vs_Control","dataset_02"
"GO:0002252","immune effector process",288,0.589534734787772,2.250279513979,1e-10,1.13878048780488e-08,8.78048780487805e-09,1069,"tags=30%, list=11%, signal=28%","6280/301/684/100423062/712/51561/7305/7805/2207/51237/3122/11151/11213/5788/3109/717/11005/6348/3123/3956/3553/972/201294/725/23705/1191/3815/4067/5272/1604/3988/563/8140/196/9021/969/100/634/10865/2/5880/3133/144811/3134/5295/3561/22904/958/55601/3716/55183/182/306/3426/55207/28984/80149/9452/64332/4297/5585/51465/2956/23411/3572/10384/6774/29110/4683/165918/23075/7532/54542/4843/6868/6885/118460/7494/8767/7525/121260/4179/10892/3606/5339/2033/10312","Up","BP","Stem_cells_OLFM4_PCNA","EPI","Colon","ActiveCD_vs_Control","dataset_02"
"GO:0032944","regulation of mononuclear cell proliferation",117,0.635759084143237,2.24828363741902,1e-10,1.13878048780488e-08,8.78048780487805e-09,1087,"tags=36%, list=12%, signal=32%","3113/3115/301/3620/51561/7305/51237/11151/5788/3109/3123/3553/972/652/51083/5320/4067/1604/196/57181/3659/100/384/5880/3133/5621/1265/958/57678/5530/5585/27242/57045/3572/8660/1026/8767/1499/472/4179/3606/5573","Up","BP","Stem_cells_OLFM4_PCNA","EPI","Colon","ActiveCD_vs_Control","dataset_02"
"GO:0050670","regulation of lymphocyte proliferation",114,0.637054141144551,2.23533527205432,1e-10,1.13878048780488e-08,8.78048780487805e-09,1087,"tags=36%, list=12%, signal=32%","3113/3115/301/3620/51561/7305/51237/11151/5788/3109/3123/3553/972/652/51083/5320/4067/1604/196/57181/3659/100/384/5880/3133/5621/958/57678/5530/5585/27242/57045/3572/8660/1026/8767/1499/472/4179/3606/5573","Up","BP","Stem_cells_OLFM4_PCNA","EPI","Colon","ActiveCD_vs_Control","dataset_02"
"GO:0007159","leukocyte cell-cell adhesion",210,0.597389393289826,2.22813588707629,1e-10,1.13878048780488e-08,8.78048780487805e-09,1089,"tags=31%, list=12%, signal=28%","3113/6280/3115/301/3620/3117/51561/7805/3127/3122/11151/3119/5788/3109/3123/3956/240/3553/972/652/3108/5320/4067/1960/8651/445/2113/1604/3659/969/100/10808/384/5880/3133/655/5621/3561/57678/960/56477/5530/80149/64332/2526/27242/57045/3572/5781/8546/7430/7532/54542/7494/8767/7525/340481/4179/6093/10892/3606/65125/2033/1948/5573/1845","Up","BP","Stem_cells_OLFM4_PCNA","EPI","Colon","ActiveCD_vs_Control","dataset_02"
"GO:0001819","positive regulation of cytokine production",237,0.586420760758825,2.21186413734352,1e-10,1.13878048780488e-08,8.78048780487805e-09,1053,"tags=30%, list=11%, signal=27%","6288/3113/3115/301/3620/51561/7305/7805/2207/11213/5788/6348/4050/3553/972/1670/9636/2152/23705/1191/63940/3815/3428/6772/10622/1604/8140/3659/10865/9235/3133/144811/3134/5295/9451/958/3838/3303/28984/55959/150/23411/3572/3091/5144/5196/5781/10626/6774/7110/29110/6711/3320/672/5610/4828/89870/834/1147/4843/6868/4940/6885/55703/7494/8767/4179/10892/3606/10855","Up","BP","Stem_cells_OLFM4_PCNA","EPI","Colon","ActiveCD_vs_Control","dataset_02"
"GO:1903037","regulation of leukocyte cell-cell adhesion",194,0.596170942026616,2.20656107852203,1e-10,1.13878048780488e-08,8.78048780487805e-09,1089,"tags=31%, list=12%, signal=28%","3113/3115/301/3620/3117/51561/7805/3127/3122/11151/3119/5788/3109/3123/3956/240/3553/972/652/3108/5320/4067/1960/8651/445/2113/1604/3659/969/100/10808/384/3133/5621/3561/57678/960/56477/5530/80149/64332/2526/27242/57045/3572/5781/8546/7532/54542/7494/8767/7525/340481/4179/10892/3606/65125/2033/1948/5573/1845","Up","BP","Stem_cells_OLFM4_PCNA","EPI","Colon","ActiveCD_vs_Control","dataset_02"
"GO:0070661","leukocyte proliferation",170,0.59757506446073,2.20122688539725,1e-10,1.13878048780488e-08,8.78048780487805e-09,1087,"tags=32%, list=12%, signal=29%","3113/3115/301/3620/684/51561/7305/973/51237/11151/5788/3109/3123/3553/972/652/7128/51083/5320/1191/3815/4067/1604/3988/196/57181/3659/100/384/5880/3133/5621/1265/958/57678/5530/64332/5585/27242/57045/3572/8660/1026/29110/4828/54542/8767/1499/472/4179/10892/3606/10312/5573","Up","BP","Stem_cells_OLFM4_PCNA","EPI","Colon","ActiveCD_vs_Control","dataset_02"
"GO:0050727","regulation of inflammatory response",182,0.589800763670715,2.17379386689093,1e-10,1.13878048780488e-08,8.78048780487805e-09,1040,"tags=27%, list=11%, signal=25%","405753/6288/5068/6280/301/3620/51561/5788/6348/3123/3956/240/3553/7128/2633/5320/338557/2635/330/63940/59272/4067/2113/196/9021/100/348/143684/2634/3133/144811/3949/22904/11274/64332/837/79648/3572/838/6774/9575/5045/283131/834/7525/472/5925/9258/55870/3606","Up","BP","Stem_cells_OLFM4_PCNA","EPI","Colon","ActiveCD_vs_Control","dataset_02"
"GO:0002694","regulation of leukocyte activation",277,0.571201067905606,2.16880323918853,1e-10,1.13878048780488e-08,8.78048780487805e-09,1113,"tags=28%, list=12%, signal=26%","3113/3115/301/3620/3117/51561/7305/7805/2335/3127/51237/3122/11151/3119/5788/3109/11005/6348/3123/3956/3553/972/652/7128/51083/3108/5320/4067/1960/8651/1604/196/57181/3659/969/100/10808/143684/384/5880/3133/5621/5591/3949/26258/3561/958/57678/55183/5530/80149/64332/5585/27242/57045/3572/8660/5781/8546/1026/7532/54542/118460/7494/8767/7525/1499/472/121260/4179/9258/10892/3606/2033/1948/5573/1845/30011","Up","BP","Stem_cells_OLFM4_PCNA","EPI","Colon","ActiveCD_vs_Control","dataset_02"
"GO:0001816","cytokine production",389,0.55604715823023,2.16569943434686,1e-10,1.13878048780488e-08,8.78048780487805e-09,1385,"tags=30%, list=15%, signal=27%","6288/3113/3115/301/3620/684/51561/7305/7805/2335/2207/11213/5788/6348/3123/4050/240/3553/972/7128/2633/1670/9636/5552/338557/2152/23705/1191/63940/3815/59272/4067/3428/8651/6772/10622/1604/10365/8140/3659/634/10865/9235/384/3133/144811/3134/5621/5295/9451/958/8826/3838/57678/26146/10009/3303/3685/54739/28984/55959/80149/150/27242/51465/23411/57045/3572/10384/3091/5144/5196/5781/10626/6774/7110/5045/29110/6711/3320/7430/672/5610/4828/89870/23515/834/1147/4843/6868/4940/23405/6885/55703/51564/7494/8767/4179/10892/3606/1997/10855/10564/5371/9475/8087/3106/27020/1992/5422/975/11118/55366/11119/4615/3098/9188","Up","BP","Stem_cells_OLFM4_PCNA","EPI","Colon","ActiveCD_vs_Control","dataset_02"
"GO:0051249","regulation of lymphocyte activation",261,0.569019808531444,2.165187936108,1e-10,1.13878048780488e-08,8.78048780487805e-09,1113,"tags=28%, list=12%, signal=25%","3113/3115/301/3620/3117/51561/7305/7805/3127/51237/3122/11151/3119/5788/3109/11005/3123/3956/3553/972/652/7128/51083/3108/5320/4067/1960/8651/1604/196/57181/3659/969/100/10808/384/5880/3133/5621/5591/26258/3561/958/57678/55183/5530/80149/64332/5585/27242/57045/3572/8660/5781/8546/1026/7532/54542/118460/7494/8767/7525/1499/472/121260/4179/10892/3606/2033/1948/5573/1845/30011","Up","BP","Stem_cells_OLFM4_PCNA","EPI","Colon","ActiveCD_vs_Control","dataset_02"
"GO:0002399","MHC class II protein complex assembly",10,0.978387902953848,2.16421062160338,1e-10,1.13878048780488e-08,8.78048780487805e-09,103,"tags=90%, list=1%, signal=89%","3113/3115/3117/3127/3122/3119/3109/3123/3108","Up","BP","Stem_cells_OLFM4_PCNA","EPI","Colon","ActiveCD_vs_Control","dataset_02"
"GO:0002503","peptide antigen assembly with MHC class II protein complex",10,0.978387902953848,2.16421062160338,1e-10,1.13878048780488e-08,8.78048780487805e-09,103,"tags=90%, list=1%, signal=89%","3113/3115/3117/3127/3122/3119/3109/3123/3108","Up","BP","Stem_cells_OLFM4_PCNA","EPI","Colon","ActiveCD_vs_Control","dataset_02"
"GO:0001817","regulation of cytokine production",386,0.555362906859691,2.16109815634268,1e-10,1.13878048780488e-08,8.78048780487805e-09,1385,"tags=30%, list=15%, signal=27%","6288/3113/3115/301/3620/684/51561/7305/7805/2335/2207/11213/5788/6348/3123/4050/240/3553/972/7128/2633/1670/9636/5552/338557/2152/23705/1191/63940/3815/59272/4067/3428/8651/6772/10622/1604/10365/8140/3659/634/10865/9235/384/3133/144811/3134/5621/5295/9451/958/8826/3838/57678/26146/10009/3303/54739/28984/55959/80149/150/27242/51465/23411/57045/3572/10384/3091/5144/5196/5781/10626/6774/7110/5045/29110/6711/3320/7430/672/5610/4828/89870/23515/834/1147/4843/6868/4940/23405/6885/55703/51564/7494/8767/4179/10892/3606/1997/10855/10564/5371/9475/8087/3106/27020/1992/5422/975/11118/55366/11119/4615/3098/9188","Up","BP","Stem_cells_OLFM4_PCNA","EPI","Colon","ActiveCD_vs_Control","dataset_02"
"GO:0050865","regulation of cell activation",298,0.563613009271013,2.15708361639065,1e-10,1.13878048780488e-08,8.78048780487805e-09,1113,"tags=29%, list=12%, signal=26%","3113/3115/301/3620/3117/51561/7305/7805/2335/2207/3127/51237/3122/11151/3119/5788/3109/11005/6348/3123/3956/3553/972/652/7128/51083/3108/5320/4067/1960/8651/1604/196/57181/3659/969/100/634/10808/348/143684/384/5880/3133/5621/5591/3949/26258/3561/958/57678/55183/8543/5530/80149/64332/5585/27242/57045/3572/8660/5781/8546/1026/7532/54542/118460/2316/7494/8767/7525/1499/472/121260/4179/5578/9258/2729/10892/3606/2033/1948/5573/1845/30011","Up","BP","Stem_cells_OLFM4_PCNA","EPI","Colon","ActiveCD_vs_Control","dataset_02"
"GO:0050863","regulation of T cell activation",199,0.572860726412784,2.12439494454271,1e-10,1.13878048780488e-08,8.78048780487805e-09,1089,"tags=28%, list=12%, signal=25%","3113/3115/301/3620/3117/51561/7805/3127/3122/11151/3119/5788/3109/11005/3123/3956/3553/972/652/3108/5320/4067/1960/8651/1604/3659/969/100/10808/384/5880/3133/5621/3561/57678/5530/80149/64332/27242/57045/3572/5781/8546/7532/54542/7494/8767/7525/1499/4179/10892/3606/2033/1948/5573/1845","Up","BP","Stem_cells_OLFM4_PCNA","EPI","Colon","ActiveCD_vs_Control","dataset_02"
"GO:0006954","inflammatory response",387,0.541408737745365,2.10657276689925,1e-10,1.13878048780488e-08,8.78048780487805e-09,1383,"tags=29%, list=15%, signal=26%","405753/6288/5068/6280/6289/79931/301/3620/4069/712/9415/51561/7305/2335/7076/5788/6351/6348/3123/3956/7852/240/3553/201294/7128/2633/3001/5320/338557/23780/2152/2635/1191/330/63940/3815/59272/4067/11074/3428/445/8061/2113/3988/196/9021/100/348/143684/2/196527/2634/3133/144811/5265/3949/22904/958/11274/960/2194/56477/80149/64332/2526/837/79648/3572/3091/1800/5196/8546/838/6774/9575/5045/29110/283131/5610/140609/834/1147/4843/6335/6885/8767/7525/23/472/5925/9258/55870/23230/968/3606/10312/3429/2908/3339/8792/55876/8087/3516/9867/975/23135/25921/54899/51074/51542/10769/4615/3098","Up","BP","Stem_cells_OLFM4_PCNA","EPI","Colon","ActiveCD_vs_Control","dataset_02"
"GO:0050778","positive regulation of immune response",392,0.540470469802642,2.10514888383973,1e-10,1.13878048780488e-08,8.78048780487805e-09,1061,"tags=25%, list=11%, signal=23%","3113/6280/3115/79931/301/3620/3117/712/51561/7305/973/7805/2207/3127/3122/3119/11213/5788/3109/717/3123/3553/972/7128/3108/2633/725/23705/1191/330/4067/11074/3428/8061/10622/1604/6397/3988/563/57181/83666/3659/915/100/634/10865/85363/2/2634/3133/144811/3134/5621/5295/5591/958/55601/55183/3426/3303/28984/57590/5062/80149/64332/27242/23411/3572/10384/5144/8546/9958/29110/3320/7430/7532/5610/140609/89870/54542/834/1147/4843/4940/6885/118460/55703/7494/8767/7525/25800/121260/4179/9258/10892/3606/1997/65125/2033","Up","BP","Stem_cells_OLFM4_PCNA","EPI","Colon","ActiveCD_vs_Control","dataset_02"
"GO:0051607","defense response to virus",197,0.567907628851406,2.1045234635974,1e-10,1.13878048780488e-08,8.78048780487805e-09,1868,"tags=40%, list=20%, signal=32%","684/51561/1755/5788/3553/201294/7128/2633/3669/81786/9636/10346/2635/2537/3455/11074/3428/6772/10622/91351/83666/3659/10581/85363/2634/10379/25939/958/11274/5611/57678/55601/26146/5366/80149/55284/8467/22863/54765/197259/24138/29110/3320/5610/4828/89870/151636/23515/834/4940/55703/27350/201626/3429/84851/5371/1665/3437/55763/4615/9188/4599/10410/6773/9821/56829/4690/57169/171568/10146/3459/7726/84166/54541/103/8780/7334/10269","Up","BP","Stem_cells_OLFM4_PCNA","EPI","Colon","ActiveCD_vs_Control","dataset_02"
"GO:0022407","regulation of cell-cell adhesion",254,0.548905632647117,2.08276691624873,1e-10,1.13878048780488e-08,8.78048780487805e-09,1122,"tags=30%, list=12%, signal=27%","3113/3115/301/3620/3117/51561/7805/3127/4680/3122/11151/3119/5788/3109/3123/3956/240/53827/3553/972/652/3108/5320/4067/1960/8651/445/2113/1604/5420/3659/969/100/634/10808/384/3133/655/5621/201627/3561/57678/5329/3716/182/960/28984/56477/5530/80149/64332/2526/27242/57045/3572/5781/51201/8546/23075/7532/54542/7494/8767/7525/340481/4179/5578/10892/3606/65125/2033/1948/5573/1845/7422","Up","BP","Stem_cells_OLFM4_PCNA","EPI","Colon","ActiveCD_vs_Control","dataset_02"
"GO:0009615","response to virus",259,0.546352279975153,2.08075040734165,1e-10,1.13878048780488e-08,8.78048780487805e-09,2139,"tags=41%, list=23%, signal=33%","50506/684/51561/1755/11213/5788/6351/7852/3553/201294/7128/2633/3669/81786/9636/10346/2635/1191/2537/3455/11074/3428/6772/8061/10622/91351/83666/3659/10581/85363/2634/10379/25939/958/11274/5611/57678/55601/3716/26146/3696/5366/80149/11040/55284/3091/8467/22863/54765/197259/24138/811/23076/29110/3320/5610/4828/89870/151636/23515/834/1147/4940/55703/27350/201626/2332/3429/84851/5371/4953/1665/3437/55763/4615/9188/4599/10410/6773/9821/56829/4690/57169/171568/8725/1386/10146/3459/7726/84166/23607/54541/103/8780/7334/10269/51251/440275/9111/1021/10625/10771/7187/255520/170506/7178/598","Up","BP","Stem_cells_OLFM4_PCNA","EPI","Colon","ActiveCD_vs_Control","dataset_02"
"GO:0002696","positive regulation of leukocyte activation",181,0.563726934468008,2.07700733173447,1e-10,1.13878048780488e-08,8.78048780487805e-09,1154,"tags=28%, list=12%, signal=25%","3113/3115/301/3117/51561/7305/3127/3122/11151/3119/5788/3109/6348/3123/3956/3553/972/3108/4067/1960/8651/1604/57181/100/10808/3133/5591/26258/3561/958/57678/55183/5530/64332/3572/8660/5781/8546/1026/7532/118460/7494/8767/7525/4179/10892/3606/2033/1948/30011/79915","Up","BP","Stem_cells_OLFM4_PCNA","EPI","Colon","ActiveCD_vs_Control","dataset_02"
"GO:0051251","positive regulation of lymphocyte activation",176,0.563431849437284,2.07472176320671,1e-10,1.13878048780488e-08,8.78048780487805e-09,1534,"tags=34%, list=16%, signal=29%","3113/3115/301/3117/51561/7305/3127/3122/11151/3119/5788/3109/3123/3956/3553/972/3108/4067/1960/8651/1604/57181/100/10808/3133/5591/26258/3561/958/57678/55183/5530/64332/3572/8660/5781/8546/1026/7532/118460/7494/8767/7525/4179/10892/3606/2033/1948/30011/79915/975/865/4254/4615/29117/6461/6599/4690/6602","Up","BP","Stem_cells_OLFM4_PCNA","EPI","Colon","ActiveCD_vs_Control","dataset_02"
"GO:0050776","regulation of immune response",490,0.522985595460048,2.04971113751765,1e-10,1.13878048780488e-08,8.78048780487805e-09,1061,"tags=23%, list=11%, signal=22%","3113/6280/3115/79931/301/3620/3117/712/51561/7305/973/7805/2207/3127/3122/3119/11213/5788/3109/7804/717/11005/3123/3956/3553/972/7128/3108/2633/725/9636/23705/1191/54625/330/3815/4067/11074/3428/8061/5272/10622/1604/6397/3988/563/196/57181/83666/3659/915/969/100/634/348/10865/384/85363/2/2634/3133/144811/3134/5621/5295/5591/25939/958/11274/55601/55183/3426/3303/28984/57590/5062/80149/64332/5585/27242/23411/3572/10384/5144/5781/8546/9958/5045/29110/3320/7430/7532/5610/140609/89870/54542/834/1147/4843/4940/6885/118460/55703/7494/8767/7525/25800/121260/4179/9258/10892/3606/1997/65125/2033","Up","BP","Stem_cells_OLFM4_PCNA","EPI","Colon","ActiveCD_vs_Control","dataset_02"
"GO:0045785","positive regulation of cell adhesion",246,0.532676833585272,2.01297675343979,1e-10,1.13878048780488e-08,8.78048780487805e-09,2053,"tags=40%, list=22%, signal=32%","6288/3113/3115/301/3117/51561/2335/3127/4680/3122/11151/3119/5788/3109/3123/3956/240/3553/972/201294/3108/10562/4067/1960/8651/2113/1604/5420/100/10808/3133/655/201627/3561/8754/57678/5329/3716/960/3685/56477/5530/6789/64332/2526/3572/5781/8546/811/998/7532/2316/7494/8767/7525/51144/472/4179/5578/6093/10892/3606/2033/1948/7422/7082/9448/975/865/4254/29117/10551/6461/3655/6599/342184/4690/6602/255743/6541/2932/8943/4976/5581/9223/283234/57178/57492/2810/6237/1793/1326/7037/3169/3280/1021/80005/861","Up","BP","Stem_cells_OLFM4_PCNA","EPI","Colon","ActiveCD_vs_Control","dataset_02"
"GO:0098609","cell-cell adhesion",409,0.513206584592484,1.9992648941616,1e-10,1.13878048780488e-08,8.78048780487805e-09,1122,"tags=27%, list=12%, signal=25%","5068/3113/6280/3115/9075/301/3620/3117/1001/51561/8404/7805/3127/4680/3122/11151/3119/5788/3109/3043/3123/3956/240/53827/3553/972/652/3108/5271/3909/5320/1048/23650/23705/3815/4067/1960/8651/445/2113/1604/5420/3659/969/100/634/10808/214/384/5880/3133/655/5621/64881/201627/3561/6282/8754/57678/5329/3716/182/4867/3696/960/3685/28984/56477/5530/9069/80149/64332/2526/27242/23022/57045/3572/5781/51201/22862/8546/3384/5912/23075/7430/1832/7532/2195/54542/2316/7494/8767/7525/1499/340481/4179/5578/6093/10892/3606/65125/8502/2033/1948/5573/1845/7094/3672/7422","Up","BP","Stem_cells_OLFM4_PCNA","EPI","Colon","ActiveCD_vs_Control","dataset_02"
"GO:0042110","T cell activation",296,0.52213921997827,1.99900924768218,1e-10,1.13878048780488e-08,8.78048780487805e-09,1089,"tags=25%, list=12%, signal=23%","3113/3115/301/3620/3117/51561/7305/7805/2207/3127/3122/11151/3119/5788/3109/11005/3123/3956/3553/972/652/3108/5320/3815/4067/1960/8651/1604/3988/3659/915/9021/969/100/634/10808/384/5880/3133/5621/5295/5591/3561/57678/3716/960/5530/80149/64332/4297/27242/57045/3572/5781/8546/6774/29110/7532/54542/6868/80758/8503/7494/8767/7525/1499/4179/10892/3606/2033/10312/1948/5573/1845","Up","BP","Stem_cells_OLFM4_PCNA","EPI","Colon","ActiveCD_vs_Control","dataset_02"
"GO:0030155","regulation of cell adhesion",415,0.511416766717095,1.99357578487137,1e-10,1.13878048780488e-08,8.78048780487805e-09,2053,"tags=38%, list=22%, signal=31%","6288/3113/3115/301/54997/3620/3117/7045/51561/7805/2335/3127/4680/3122/11151/3119/5788/3109/11005/3123/3956/7852/240/53827/3553/972/201294/652/3108/2633/3909/5320/10562/4067/1960/8651/445/2113/1604/5420/22998/3659/969/100/634/10808/384/5880/3133/655/5621/5295/201627/3561/4070/8754/57678/5329/3716/182/2824/960/3685/4582/28984/56477/5530/80149/6789/64332/2526/27242/57045/3572/9928/23499/5781/51201/8546/811/23075/998/7532/54542/9748/2316/7494/8767/7525/51144/472/340481/4179/5578/6093/10892/3606/65125/8502/2033/23603/1948/5573/1845/23122/7094/7422/3339/7082/5371/9475/9448/3516/975/865/4008/4254/29117/10551/6461/149041/7414/3655/6599/342184/4690/6602/255743/375056/6541/5747/2932/102/84524/8943/9404/4976/4763/5728/2524/5581/5500/9223/283234/57178/57492/2810/6237/1793/1326/8751/7037/3169/5074/3280/1021/1739/80005/861","Up","BP","Stem_cells_OLFM4_PCNA","EPI","Colon","ActiveCD_vs_Control","dataset_02"
"GO:0031347","regulation of defense response",443,0.508745283911466,1.98503027383809,1e-10,1.13878048780488e-08,8.78048780487805e-09,1009,"tags=22%, list=11%, signal=21%","405753/6288/5068/6280/79931/301/3620/51561/7305/11213/5788/7804/11005/6348/3123/3956/240/3553/7128/2633/9636/10346/5320/338557/2635/23705/54625/330/63940/59272/4067/11074/3428/6772/8061/5272/10622/2113/6397/196/83666/3659/9021/100/634/348/143684/384/85363/2/2634/3133/144811/3134/5295/5591/3949/25939/22904/11274/55601/26146/3303/57590/5062/80149/64332/837/79648/3572/5781/8546/838/6774/54765/9958/9575/5045/29110/283131/3320/5610/140609/89870/151636/834/1147/4940/6885/55703/8767/7525/472/121260/5925/9258/55870","Up","BP","Stem_cells_OLFM4_PCNA","EPI","Colon","ActiveCD_vs_Control","dataset_02"
"GO:0002683","negative regulation of immune system process",270,0.518602377628692,1.97323677714779,1e-10,1.13878048780488e-08,8.78048780487805e-09,1358,"tags=28%, list=15%, signal=25%","301/3620/684/7305/7805/2335/11213/5788/11005/6348/3123/3956/972/652/7128/51083/2633/725/9636/5320/54625/4067/11074/3428/8651/5272/1604/6397/196/3659/969/100/634/143684/384/2/3133/55294/3134/5621/5295/5591/3949/25939/1265/11274/57678/56477/80149/5585/27242/57045/23143/5781/9958/5045/7430/54542/4940/7525/1499/472/4179/9258/968/1997/5573/1845/2885/3106/1831/865/4254/10769/253943/55366","Up","BP","Stem_cells_OLFM4_PCNA","EPI","Colon","ActiveCD_vs_Control","dataset_02"
"GO:0046649","lymphocyte activation",418,0.494050029225065,1.92667555849612,1e-10,1.13878048780488e-08,8.78048780487805e-09,1154,"tags=24%, list=12%, signal=22%","3113/3115/301/3620/3117/684/51561/7305/973/7805/2207/3127/51237/3122/11151/3119/5788/3109/11005/3123/3956/3553/972/201294/652/7128/51083/3108/5320/3815/4067/1960/8651/1604/3988/196/57181/3659/915/9021/969/100/634/10808/384/112616/5880/3133/3134/5621/5295/5591/26258/3561/958/57678/3716/55183/960/5530/80149/9452/64332/4297/5585/27242/2956/57045/3572/8660/5781/8546/6774/1026/29110/4683/165918/23075/7532/54542/6868/118460/80758/8503/7494/8767/7525/1499/472/25800/121260/4179/10892/3606/2033/10312/1948/5573/1845/30011/2885/79915","Up","BP","Stem_cells_OLFM4_PCNA","EPI","Colon","ActiveCD_vs_Control","dataset_02"
"GO:0045321","leukocyte activation",475,0.483806774677268,1.89175461370263,1e-10,1.13878048780488e-08,8.78048780487805e-09,1089,"tags=23%, list=12%, signal=22%","3113/3115/301/3620/3117/684/712/51561/7305/973/7805/2335/2207/3127/51237/3122/11151/3119/5788/3109/11005/6348/3123/3956/3553/972/201294/652/7128/51083/3108/5320/1191/3815/4067/1960/8651/1604/3988/196/57181/3659/915/9021/969/100/634/10808/143684/384/112616/5880/3133/3134/5621/5295/5591/3949/26258/3561/22904/958/8754/57678/3716/55183/306/3696/960/5530/80149/9452/64332/4297/5585/27242/2956/57045/3572/8660/5781/8546/6774/1026/29110/4683/165918/23075/7532/54542/6868/118460/80758/8503/7494/8767/7525/1499/472/25800/1906/121260/4179/9258/10892/3606/2033/10312/1948/5573/1845","Up","BP","Stem_cells_OLFM4_PCNA","EPI","Colon","ActiveCD_vs_Control","dataset_02"
"GO:2000145","regulation of cell motility",499,0.45070913674539,1.7685616939497,1e-10,1.13878048780488e-08,8.78048780487805e-09,1794,"tags=32%, list=19%, signal=27%","405753/50506/4316/301/684/51561/2335/4680/11151/7076/5788/6351/6348/7852/3553/972/652/397/3909/2152/63940/3815/51466/4067/3918/2113/5420/22998/969/100/6446/634/348/84612/196527/27161/5880/4193/64094/4233/114882/55294/3309/58191/655/3796/5295/6282/5911/1265/958/4070/5286/8754/7046/182/306/324/8543/2771/9219/3685/161742/28984/9982/56477/5530/80149/6789/150/2526/5585/23411/394/117178/8660/23143/3091/57509/9928/1800/23499/6774/5793/9087/7262/6648/5912/811/10512/4249/23075/8819/998/2195/9748/6868/55749/6885/1647/55466/2316/51564/8503/7494/472/1906/5578/6093/65125/23473/23603/79647/1845/10059/23122/7422/23613/5586/7082/23224/11057/9475/9448/1992/975/4254/5361/10769/253943/4615/10672/2146/7414/3655/11235/9585/116150/4690/22902/1602/657/27347/56254/375056/6386/3688/841/8065/5747/2932/154796/102/51742/4763/5728/25836/5581","Up","BP","Stem_cells_OLFM4_PCNA","EPI","Colon","ActiveCD_vs_Control","dataset_02"
"GO:0002253","activation of immune response",307,0.503231771882875,1.93319993769369,1.1245308259528e-10,1.25010343485086e-08,9.63883565102399e-09,1089,"tags=24%, list=12%, signal=22%","6280/3115/79931/712/7305/973/7805/2207/3119/11213/5788/717/3123/3553/7128/2633/725/1191/330/4067/11074/3428/8061/1604/6397/3988/57181/3659/915/100/634/85363/2/2634/144811/5621/5295/5591/55601/3426/3303/28984/57590/5062/80149/64332/27242/10384/5144/8546/9958/29110/3320/7430/5610/140609/89870/54542/834/1147/4843/4940/6885/8767/7525/25800/121260/4179/9258/10892/1997/65125/2033/1845","Up","BP","Stem_cells_OLFM4_PCNA","EPI","Colon","ActiveCD_vs_Control","dataset_02"
"GO:0032943","mononuclear cell proliferation",154,0.587624263464986,2.13529458239803,1.35751539686902e-10,1.47400915999569e-08,1.13652451830895e-08,1444,"tags=36%, list=15%, signal=31%","3113/3115/301/3620/51561/7305/973/51237/11151/5788/3109/3123/3553/972/652/51083/5320/4067/1604/3988/196/57181/3659/100/384/5880/3133/5621/1265/958/57678/5530/64332/5585/27242/57045/3572/8660/1026/29110/54542/8767/1499/472/4179/10892/3606/5573/79915/975/4254/1503/11119/4615/6461/149041","Up","BP","Stem_cells_OLFM4_PCNA","EPI","Colon","ActiveCD_vs_Control","dataset_02"
"GO:0046651","lymphocyte proliferation",148,0.587488374047426,2.13060126390156,1.57471354662051e-10,1.67098580662981e-08,1.28840199268951e-08,1444,"tags=36%, list=15%, signal=31%","3113/3115/301/3620/51561/7305/973/51237/11151/5788/3109/3123/3553/972/652/51083/5320/4067/1604/3988/196/57181/3659/100/384/5880/3133/5621/958/57678/5530/64332/5585/27242/57045/3572/8660/1026/54542/8767/1499/472/4179/10892/3606/5573/79915/975/4254/1503/11119/4615/6461/149041","Up","BP","Stem_cells_OLFM4_PCNA","EPI","Colon","ActiveCD_vs_Control","dataset_02"
"GO:0022409","positive regulation of cell-cell adhesion",163,0.579584188212529,2.12114448551318,1.71535484374664e-10,1.77977594787846e-08,1.37228387499731e-08,1083,"tags=30%, list=12%, signal=27%","3113/3115/301/3117/51561/3127/4680/3122/11151/3119/5788/3109/3123/3956/240/3553/972/3108/4067/1960/8651/2113/1604/5420/100/10808/3133/655/201627/3561/57678/5329/3716/960/5530/64332/2526/3572/5781/8546/7532/7494/8767/7525/4179/10892/3606/2033/1948","Up","BP","Stem_cells_OLFM4_PCNA","EPI","Colon","ActiveCD_vs_Control","dataset_02"
"GO:0050867","positive regulation of cell activation",186,0.557214897235183,2.05418662660126,1.99804775406889e-10,2.02801847037992e-08,1.56368954666261e-08,1154,"tags=28%, list=12%, signal=25%","3113/3115/301/3117/51561/7305/3127/3122/11151/3119/5788/3109/6348/3123/3956/3553/972/3108/4067/1960/8651/1604/57181/100/10808/3133/5591/26258/3561/958/57678/55183/5530/64332/3572/8660/5781/8546/1026/7532/118460/2316/7494/8767/7525/4179/10892/3606/2033/1948/30011/79915","Up","BP","Stem_cells_OLFM4_PCNA","EPI","Colon","ActiveCD_vs_Control","dataset_02"
"GO:1903039","positive regulation of leukocyte cell-cell adhesion",140,0.593093841756059,2.13319705694411,2.36170601166772e-10,2.34612880180353e-08,1.80896630680932e-08,1083,"tags=31%, list=12%, signal=28%","3113/3115/301/3117/51561/3127/3122/11151/3119/5788/3109/3123/3956/240/3553/972/3108/4067/1960/8651/2113/1604/100/10808/3133/3561/57678/960/5530/64332/2526/3572/5781/8546/7532/7494/8767/7525/4179/10892/3606/2033/1948","Up","BP","Stem_cells_OLFM4_PCNA","EPI","Colon","ActiveCD_vs_Control","dataset_02"
"GO:0002366","leukocyte activation involved in immune response",147,0.583713971699667,2.11491519327171,3.25589346167373e-10,3.16703470261555e-08,2.4419200962553e-08,1444,"tags=37%, list=15%, signal=32%","301/51561/7305/2207/3122/11151/5788/3109/6348/3123/3956/972/201294/3815/4067/9021/969/100/634/5880/3134/5295/22904/958/3716/55183/306/80149/9452/64332/4297/2956/3572/6774/29110/4683/165918/23075/54542/118460/7494/8767/121260/4179/10892/3606/2033/79915/6814/975/5361/4615/6461/149041","Up","BP","Stem_cells_OLFM4_PCNA","EPI","Colon","ActiveCD_vs_Control","dataset_02"
"GO:0030334","regulation of cell migration",473,0.447905222856844,1.75068326521331,4.01798331117499e-10,3.82856409793389e-08,2.95198773882244e-08,1794,"tags=32%, list=19%, signal=28%","4316/301/684/51561/2335/4680/11151/7076/5788/6351/6348/7852/3553/972/652/397/3909/2152/63940/3815/51466/4067/3918/2113/5420/22998/969/100/6446/634/348/84612/196527/27161/5880/4193/64094/4233/114882/55294/3309/58191/655/3796/5295/6282/5911/1265/958/4070/5286/8754/7046/182/306/324/8543/2771/9219/3685/161742/28984/9982/56477/5530/80149/6789/150/2526/23411/394/8660/23143/3091/57509/9928/1800/23499/6774/5793/9087/7262/6648/5912/811/10512/4249/23075/8819/998/2195/9748/6868/55749/6885/1647/55466/2316/51564/8503/7494/472/1906/5578/6093/65125/23473/23603/79647/1845/10059/23122/7422/23613/7082/23224/11057/9475/9448/1992/975/4254/5361/10769/253943/4615/10672/2146/7414/3655/11235/9585/116150/4690/22902/1602/657/27347/56254/375056/6386/3688/841/8065/5747/2932/154796/102/51742/4763/5728/25836/5581","Up","BP","Stem_cells_OLFM4_PCNA","EPI","Colon","ActiveCD_vs_Control","dataset_02"
"GO:0002285","lymphocyte activation involved in immune response",113,0.625499449862985,2.19378147818988,5.21131671394804e-10,4.86632754748468e-08,3.75214803404259e-08,1061,"tags=36%, list=11%, signal=33%","301/51561/7305/2207/3122/11151/5788/3109/3123/3956/972/201294/9021/969/100/634/3134/5295/958/3716/55183/80149/9452/64332/4297/2956/3572/6774/29110/4683/165918/23075/54542/118460/7494/8767/121260/4179/10892/3606/2033","Up","BP","Stem_cells_OLFM4_PCNA","EPI","Colon","ActiveCD_vs_Control","dataset_02"
"GO:0003735","structural constituent of ribosome",151,-0.551392186576599,-2.6101513021958,1e-10,9.6e-08,7.93684210526316e-08,2004,"tags=56%, list=21%, signal=44%","29074/6159/124995/6207/6217/7818/64928/65005/128308/28973/29088/55168/6224/51081/6228/6165/6231/64965/2197/6125/6176/65003/6189/84311/64968/9045/29093/6234/56945/6133/11224/6164/6182/25873/6124/6143/51264/26589/6141/6192/6202/6210/64432/6150/6230/6128/6142/6171/6201/6147/6154/64981/6129/64983/6161/6157/6209/6181/6136/54948/6122/6132/6135/6137/6204/6203/6134/6223/4736/6138/6191/6175/6222/6193/79590/6188/6208/6187/6194/23521/6160/6173/6139/6218","Down","MF","Stem_cells_OLFM4_PCNA","EPI","Colon","ActiveCD_vs_Control","dataset_02"
"GO:0042277","peptide binding",116,0.603678275857599,2.12939126997599,3.81670697068353e-09,1.83201934592809e-06,1.51463002941862e-06,1233,"tags=34%, list=13%, signal=30%","3113/3115/3117/712/3127/3122/3119/3109/7804/3123/972/3108/1191/11015/8140/348/6890/3133/3134/5621/3949/3838/3416/3839/163/3836/9452/64167/5045/811/3840/8301/1396/3842/3339/6892/26953/3106/1200","Up","MF","Stem_cells_OLFM4_PCNA","EPI","Colon","ActiveCD_vs_Control","dataset_02"
"GO:0023026","MHC class II protein complex binding",19,0.881239880074229,2.29883212742748,1.97678085114936e-08,6.15333026021009e-06,5.08729278091931e-06,103,"tags=53%, list=1%, signal=52%","3113/3115/3117/3127/3122/3119/3109/3123/972/3108","Up","MF","Stem_cells_OLFM4_PCNA","EPI","Colon","ActiveCD_vs_Control","dataset_02"
"GO:0023023","MHC protein complex binding",21,0.857937559506841,2.266026932722,2.56388760842087e-08,6.15333026021009e-06,5.08729278091931e-06,103,"tags=48%, list=1%, signal=47%","3113/3115/3117/3127/3122/3119/3109/3123/972/3108","Up","MF","Stem_cells_OLFM4_PCNA","EPI","Colon","ActiveCD_vs_Control","dataset_02"
"GO:0042605","peptide antigen binding",22,0.850447756830786,2.28317490162091,3.32332358287625e-08,6.28441630293676e-06,5.19566874168236e-06,310,"tags=59%, list=3%, signal=57%","3113/3115/3117/3127/3122/3119/3109/3123/3108/8140/6890/3133/3134","Up","MF","Stem_cells_OLFM4_PCNA","EPI","Colon","ActiveCD_vs_Control","dataset_02"
"GO:0003823","antigen binding",29,0.807553226332787,2.30012494930218,3.92776018933547e-08,6.28441630293676e-06,5.19566874168236e-06,374,"tags=52%, list=4%, signal=50%","3113/3115/3117/100423062/3127/3122/3119/3109/3123/3108/8140/6890/3133/3134/958","Up","MF","Stem_cells_OLFM4_PCNA","EPI","Colon","ActiveCD_vs_Control","dataset_02"
"GO:0005539","glycosaminoglycan binding",72,0.640728724951771,2.11556372870986,1.44562269536975e-07,1.98256826793566e-05,1.63909701099066e-05,1122,"tags=42%, list=12%, signal=37%","6288/5068/5968/83998/6373/2335/1755/5788/145864/5967/652/3918/348/64094/655/5621/960/9982/9388/55959/57045/5196/116068/5045/2135/51144/3161/375790/6649/7422","Up","MF","Stem_cells_OLFM4_PCNA","EPI","Colon","ActiveCD_vs_Control","dataset_02"
"GO:0048018","receptor ligand activity",109,0.576447336313523,2.02499953577519,1.87893814134446e-07,2.25472576961335e-05,1.86410441917595e-05,512,"tags=27%, list=5%, signal=25%","5068/7031/6373/51561/2335/9535/7076/6351/6348/3956/4050/3553/5967/652/51083/2919/1191/6275/348/9235/112616/2921/58191/655/3490/182/3303/734/56477","Up","MF","Stem_cells_OLFM4_PCNA","EPI","Colon","ActiveCD_vs_Control","dataset_02"
"GO:0030546","signaling receptor activator activity",113,0.571102026129847,2.01027103370774,5.87612534370797e-07,5.99423575690745e-05,4.95576070253094e-05,512,"tags=26%, list=5%, signal=25%","5068/7031/6373/51561/2335/9535/7076/6351/6348/3956/4050/3553/5967/652/51083/2919/1191/6275/348/9235/112616/2921/58191/655/3490/182/3303/734/56477","Up","MF","Stem_cells_OLFM4_PCNA","EPI","Colon","ActiveCD_vs_Control","dataset_02"
"GO:0004857","enzyme inhibitor activity",202,0.48697711102027,1.83067437195312,6.24399558011193e-07,5.99423575690745e-05,4.95576070253094e-05,1927,"tags=34%, list=21%, signal=27%","5266/301/54997/684/5268/9535/7076/5788/11005/9467/5271/5997/5577/8651/5272/83666/9021/2/6447/2634/4660/3309/5621/5265/9097/8826/5611/306/9749/161742/6059/25998/25913/5045/81611/7184/308/1026/4249/7532/151636/27290/56882/6418/5573/23197/26472/57448/1992/51527/286262/9188/51400/4690/831/302/8725/6815/84335/261726/6590/5927/10253/5576/2810/11261/5514/26271","Up","MF","Stem_cells_OLFM4_PCNA","EPI","Colon","ActiveCD_vs_Control","dataset_02"
"GO:0140375","immune receptor activity",33,0.753543662911561,2.1717810021987,7.0927594574487e-07,6.19004461740977e-05,5.11764653676203e-05,612,"tags=39%, list=7%, signal=37%","3113/3117/2207/3122/3119/3123/7852/972/2152/3455/3561/960/3572","Up","MF","Stem_cells_OLFM4_PCNA","EPI","Colon","ActiveCD_vs_Control","dataset_02"
"GO:0050839","cell adhesion molecule binding",343,0.432292117140858,1.6751316898366,1.99307076733448e-06,0.000159445661386759,0.000131822399874579,2842,"tags=45%, list=30%, signal=32%","301/6286/1001/7045/2335/53827/3553/9636/10562/23650/23705/4067/6772/9052/3309/6282/1265/9531/8826/667/22837/8754/54443/829/3303/3696/10938/64837/3685/50807/2194/5062/1656/23022/23499/5781/5756/7112/5905/3384/811/23085/8842/6711/23075/7430/1832/9685/9748/9689/6868/2316/3337/8301/1499/4179/5578/6520/8502/5339/3939/7094/3672/4430/3339/10226/5586/79026/7082/81624/27020/975/1982/10611/54874/3326/2017/2060/26136/7414/3655/8615/56829/51400/1829/4690/831/255743/30844/54869/6386/302/3688/1824/3691/5747/5214/114793/102/26135/23607/22905/9208/2810/5315/56061/22919/29766/8751/55379/7534/1739/1969/5318/9101/5052/26058/11135/2011/9414/3673/7531/7529/87/3675/25978/7402/55357/5034/81/64221/2023/55082/6714/3312/79180/10190/8496/55854/1654/26130/51429/8607/23513/1956/10755/3913/3875/659/10652/3069/8727/57142","Up","MF","Stem_cells_OLFM4_PCNA","EPI","Colon","ActiveCD_vs_Control","dataset_02"
"GO:0038023","signaling receptor activity",271,0.446434875575189,1.71297057124726,4.66379951195716e-06,0.000319803395105634,0.000264398859550053,742,"tags=16%, list=8%, signal=15%","5068/3113/3117/5968/83998/973/2207/1755/3122/3119/5788/7804/3123/7852/972/5967/51083/338557/1131/2152/3455/3815/9052/196/915/969/85363/4864/4233/5621/3561/958/5329/7046/10267/960/3685/150/3572/26512/6774/5793/6238/23471","Up","MF","Stem_cells_OLFM4_PCNA","EPI","Colon","ActiveCD_vs_Control","dataset_02"
"GO:0060089","molecular transducer activity",271,0.446434875575189,1.71297057124726,4.66379951195716e-06,0.000319803395105634,0.000264398859550053,742,"tags=16%, list=8%, signal=15%","5068/3113/3117/5968/83998/973/2207/1755/3122/3119/5788/7804/3123/7852/972/5967/51083/338557/1131/2152/3455/3815/9052/196/915/969/85363/4864/4233/5621/3561/958/5329/7046/10267/960/3685/150/3572/26512/6774/5793/6238/23471","Up","MF","Stem_cells_OLFM4_PCNA","EPI","Colon","ActiveCD_vs_Control","dataset_02"
"GO:0140313","molecular sequestering activity",41,0.677542969799599,2.03377406876513,7.60261896800425e-06,0.000486567613952272,0.000402271908903523,845,"tags=37%, list=9%, signal=33%","6947/7805/3934/6397/969/56937/54521/54739/6774/811/1026/3638/7532/89870/147138","Up","MF","Stem_cells_OLFM4_PCNA","EPI","Colon","ActiveCD_vs_Control","dataset_02"
"GO:0005125","cytokine activity",41,0.667906790755081,2.00484924489969,1.56463150027998e-05,0.000938778900167986,0.000776139573165199,1360,"tags=51%, list=15%, signal=44%","6373/51561/7076/6351/6348/4050/3553/652/9235/112616/2921/58191/655/56477/5196/1906/3606/7422/10447/4254/10135","Up","MF","Stem_cells_OLFM4_PCNA","EPI","Colon","ActiveCD_vs_Control","dataset_02"
"GO:0005509","calcium ion binding",231,0.44696127638731,1.69749205016209,1.90791337608509e-05,0.00107740990649511,0.000890753365676876,1661,"tags=32%, list=18%, signal=27%","50506/6280/301/54997/6286/1001/8404/7804/79888/5320/26509/4256/6275/3709/5358/64094/388743/3309/813/3949/64881/6282/8826/667/182/306/7171/10938/55033/9727/55959/5530/444/1606/23499/2820/51199/7184/308/10905/811/54947/23075/5066/2195/80267/663/9695/410/821/375790/3339/54885/147968/114327/6277/29904/57620/2060/158158/55331/1069/1829/90411/2643/255743/5954/30844/79174/27032/302/3688/1824","Up","MF","Stem_cells_OLFM4_PCNA","EPI","Colon","ActiveCD_vs_Control","dataset_02"
"GO:0030547","signaling receptor inhibitor activity",15,-0.791333453269232,-2.27436356112829,3.01736573265178e-05,0.00160926172408095,0.00133046418854938,55,"tags=40%, list=1%, signal=40%","100463482/100463500/100463486/100463489/100462983/100463488","Down","MF","Stem_cells_OLFM4_PCNA","EPI","Colon","ActiveCD_vs_Control","dataset_02"
"GO:0045296","cadherin binding",266,0.422635003170188,1.61757139941329,5.04576900079523e-05,0.00237450296150799,0.0019631307379134,2842,"tags=44%, list=30%, signal=31%","301/6286/1001/53827/10562/23650/6772/9052/3309/6282/1265/9531/8826/22837/54443/829/3303/10938/64837/50807/2194/5062/1656/23499/5781/5756/7112/5905/23085/8842/6711/23075/7430/9685/9748/9689/2316/3337/8301/1499/4179/6520/8502/5339/3939/7094/4430/10226/5586/79026/7082/81624/1982/10611/54874/3326/2017/2060/26136/7414/3655/8615/56829/51400/4690/831/30844/54869/302/3688/5214/114793/26135/23607/22905/9208/2810/5315/56061/22919/29766/55379/7534/1739/1969/5318/9101/5052/26058/11135/2011/9414/7531/7529/25978/55357/2023/55082/6714/3312/79180/10190/8496/55854/1654/26130/51429/8607/23513/1956/10755/3875/659/10652/3069/8727/57142","Up","MF","Stem_cells_OLFM4_PCNA","EPI","Colon","ActiveCD_vs_Control","dataset_02"
"GO:0048306","calcium-dependent protein binding",38,0.668285208171427,1.97218663349844,5.25311773405705e-05,0.00237450296150799,0.0019631307379134,427,"tags=24%, list=5%, signal=23%","6280/301/6286/1755/7804/6275/2/6282/306","Up","MF","Stem_cells_OLFM4_PCNA","EPI","Colon","ActiveCD_vs_Control","dataset_02"
"GO:0015453","oxidoreduction-driven active transmembrane transporter activity",62,-0.510122129550076,-2.07610275810668,5.37198695583475e-05,0.00237450296150799,0.0019631307379134,2233,"tags=63%, list=24%, signal=48%","4720/4711/4697/4538/4725/9167/4700/4704/4713/55967/29796/4695/6834/1351/4716/7386/7388/4723/4512/4728/7384/4694/4718/4702/220002/4705/1340/4535/4712/4722/1528/1329/4724/9377/374291/1537/4715/1327/284613","Down","MF","Stem_cells_OLFM4_PCNA","EPI","Colon","ActiveCD_vs_Control","dataset_02"
"GO:0042803","protein homodimerization activity",423,0.38722487280958,1.51291633279418,5.44156928678913e-05,0.00237450296150799,0.0019631307379134,1280,"tags=20%, list=14%, signal=18%","8942/54997/684/6286/11030/7305/2207/11151/11213/1671/978/115361/2633/1670/3001/11153/1048/2635/23705/7498/3815/6772/196/64856/634/348/1894/6890/85363/2634/26258/8553/6282/667/348654/3416/122953/7171/9727/138151/4591/23347/2539/6789/150/4297/2081/7486/51201/6774/134266/6723/3320/84058/24149/9748/1147/4843/9135/1647/285331/2316/8767/641/2332/6520/4217/1063/25902/10059/8411/3092/817/7422/2992/5371/4281/3157/8087/4953/9662/6277/5445/81624/6241","Up","MF","Stem_cells_OLFM4_PCNA","EPI","Colon","ActiveCD_vs_Control","dataset_02"
"GO:0004888","transmembrane signaling receptor activity",168,0.472423774119358,1.74401624329764,6.48611613666618e-05,0.00270724847443458,0.00223822955013561,687,"tags=18%, list=7%, signal=17%","3113/3117/973/2207/3122/3119/5788/7804/3123/7852/972/51083/338557/1131/2152/3455/3815/9052/915/969/4864/4233/3561/7046/10267/960/150/3572/26512/5793","Up","MF","Stem_cells_OLFM4_PCNA","EPI","Colon","ActiveCD_vs_Control","dataset_02"
"GO:0004866","endopeptidase inhibitor activity",46,0.62784332406462,1.91888759796575,8.28568539075752e-05,0.00331427415630301,0.00274009069501367,351,"tags=26%, list=4%, signal=25%","5266/684/5268/7076/11005/5271/5272/2/2634/5621/5265/9097","Up","MF","Stem_cells_OLFM4_PCNA","EPI","Colon","ActiveCD_vs_Control","dataset_02"
"GO:0016614","oxidoreductase activity, acting on CH-OH group of donors",88,-0.429599990789999,-1.86820775242681,8.83137500999806e-05,0.00339124800383925,0.00280372916106886,1386,"tags=43%, list=15%, signal=37%","23171/3421/9380/4190/4191/317749/3032/128/622/8644/3420/11112/5959/6697/10901/3615/25979/3033/22977/728294/51181/8574/51170/3291/51635/93517/22949/10873/218/197257/57016/79154/7923/56898/51084/3294/125/124","Down","MF","Stem_cells_OLFM4_PCNA","EPI","Colon","ActiveCD_vs_Control","dataset_02"
"GO:0003779","actin binding",243,0.424112028076742,1.60893845426863,0.000102381607790764,0.00378024397996667,0.0031253332904549,2229,"tags=35%, list=24%, signal=27%","9535/11151/7852/53827/80774/2633/84951/51466/29780/6275/22998/2037/81930/634/5358/26258/26064/1265/8826/667/22837/54443/829/9749/7171/10529/23022/23499/5756/10095/9087/9260/6711/7430/128239/4646/7170/2316/3778/57617/5339/23603/10096/23122/3092/7094/4430/6641/23224/81624/54899/286262/10611/653857/7414/10097/342184/126353/7464/4643/54869/3068/3688/8507/5747/114793/6840/55930/5581/23607/6645/3192/29766/55075/2059/5074/10093/10487/1729/9645/121512/133746/23191/51361","Up","MF","Stem_cells_OLFM4_PCNA","EPI","Colon","ActiveCD_vs_Control","dataset_02"
"GO:0016616","oxidoreductase activity, acting on the CH-OH group of donors, NAD or NADP as acceptor",83,-0.43987595972288,-1.88693967784276,0.000122194842417314,0.00434470550817117,0.00359200433460643,1386,"tags=45%, list=15%, signal=38%","23171/3421/9380/4190/4191/317749/3032/128/622/8644/3420/11112/5959/6697/10901/3615/25979/3033/22977/51181/8574/51170/3291/51635/93517/22949/10873/218/197257/57016/79154/7923/56898/51084/3294/125/124","Down","MF","Stem_cells_OLFM4_PCNA","EPI","Colon","ActiveCD_vs_Control","dataset_02"
"GO:0008201","heparin binding",48,0.616155337043284,1.89578521247945,0.000201306343767346,0.00649456413721498,0.00536940938537291,1122,"tags=38%, list=12%, signal=33%","6288/83998/6373/2335/5788/652/3918/348/64094/655/9982/9388/57045/5196/5045/51144/6649/7422","Up","MF","Stem_cells_OLFM4_PCNA","EPI","Colon","ActiveCD_vs_Control","dataset_02"
"GO:0017111","ribonucleoside triphosphate phosphatase activity",448,0.369703131130255,1.44709697391796,0.000201403899556816,0.00649456413721498,0.00536940938537291,2666,"tags=38%, list=29%, signal=28%","3310/115361/54509/2633/2769/397/5996/5997/2635/6004/6236/91351/81930/6890/5880/2634/3309/10681/8653/3796/10973/6782/79572/5965/5911/390/55601/3303/2771/55207/6059/57674/54454/1656/29028/54821/83990/23347/394/286410/9928/8467/7486/7184/5912/57062/23078/26164/3320/998/64848/23515/5908/2935/221264/85865/641/23/5899/9493/10721/254394/5981/23400/79665/10059/63971/51552/8243/79915/7280/25923/79710/5874/55669/10767/9044/1665/9583/55729/9371/2776/9188/3326/80117/83858/4599/10672/5983/158158/9585/55636/23250/7520/2643/56681/4643/55614/56992/63979/523/27032/23011/57403/10146/1105/8886/4976/83452/11056/26225/55720/79677/23195/80205/990/23120/6237/546/9669/10730/10111/5825/89797/221079/170506/55341/488/10061/6016/285282/4218/84515/64225/489/56916/1778/51128/5870/5378/23200/1763/5868/23560/57697/3265/9319/1108/10257/4173/84896/1662/85476/374868/10592/55661/3312/56919/11194/7415/83752/23456/908/10057/1654/1655/27289/60558/10575/9716","Up","MF","Stem_cells_OLFM4_PCNA","EPI","Colon","ActiveCD_vs_Control","dataset_02"
"GO:0030414","peptidase inhibitor activity",49,0.607298530856734,1.87538750598457,0.000202955129287968,0.00649456413721498,0.00536940938537291,351,"tags=24%, list=4%, signal=24%","5266/684/5268/7076/11005/5271/5272/2/2634/5621/5265/9097","Up","MF","Stem_cells_OLFM4_PCNA","EPI","Colon","ActiveCD_vs_Control","dataset_02"
"GO:0016863","intramolecular oxidoreductase activity, transposing C=C bonds",11,-0.788533113373553,-2.04721427452192,0.000259284450528553,0.00802945395185196,0.00663838627159691,1664,"tags=82%, list=18%, signal=67%","1652/10455/84650/1892/4282/1632/10682/1891/2938","Down","MF","Stem_cells_OLFM4_PCNA","EPI","Colon","ActiveCD_vs_Control","dataset_02"
"GO:0030545","signaling receptor regulator activity",130,0.479951752551652,1.71686008356034,0.00031360382062551,0.00940811461876529,0.00777820002472481,512,"tags=24%, list=5%, signal=23%","5068/7031/6373/51561/2335/9535/7076/6351/6348/3956/4050/3553/5967/652/51083/2919/4061/1191/6275/348/9235/112616/2921/58191/655/255738/3490/182/3303/734/56477","Up","MF","Stem_cells_OLFM4_PCNA","EPI","Colon","ActiveCD_vs_Control","dataset_02"
"GO:0001664","G protein-coupled receptor binding",84,0.524171907247521,1.77334580559266,0.000345988080126516,0.0100651077854986,0.00832137200687059,983,"tags=26%, list=11%, signal=24%","6288/6373/6351/6348/51083/2769/6772/2921/58191/5621/3716/3303/10874/2771/56477/150/5144/5196/4828/3301/2316/1906","Up","MF","Stem_cells_OLFM4_PCNA","EPI","Colon","ActiveCD_vs_Control","dataset_02"
"GO:0015276","ligand-gated monoatomic ion channel activity",38,-0.516361067310507,-1.87394468020929,0.000571962218885107,0.016149521474403,0.0133516877101972,1562,"tags=42%, list=17%, signal=35%","1140/6338/53373/3710/5025/338440/117155/55362/54795/50636/358/9992/3768/1179/3760/54831","Down","MF","Stem_cells_OLFM4_PCNA","EPI","Colon","ActiveCD_vs_Control","dataset_02"
"GO:0016491","oxidoreductase activity",450,-0.250425402401663,-1.27880983888594,0.000657951103061067,0.0180466588268178,0.014920154337084,2027,"tags=37%, list=22%, signal=30%","54665/4725/1573/9167/81577/55316/2395/10229/1192/4700/4704/23210/55328/222194/4713/231/6389/5498/57179/2950/54784/51706/9524/115817/3712/55806/5092/9563/119391/1384/9588/22921/55967/3030/29796/4695/6834/5860/54681/4128/121642/501/196743/55217/1351/9682/4716/7001/23171/3421/217/6821/9380/285362/4190/55572/5160/7386/5162/4191/7388/27244/4723/34/9946/317749/253982/2232/4512/4728/3032/2495/7384/23474/4694/4718/4702/220002/10935/4705/128/6392/622/1340/8644/4259/3420/4535/28976/2110/26063/11112/5959/54884/6697/4712/51097/2879/10901/3615/25979/3033/373156/143686/4722/645/22977/123099/1528/23498/79001/219/1329/2108/4724/9377/728294/374291/1537/10587/1337/51181/9973/4715/8574/29785/847/51170/3291/51635/84266/10998/93517/22949/1666/10873/218/1428/5264/6390/37/145482/66002/79758/10840/80853/197257/1327/57016/284613/79154/25824/55825/7923/150209/80724/56898/51084/35/8991/1593/4151/3294/125/124/2938","Down","MF","Stem_cells_OLFM4_PCNA","EPI","Colon","ActiveCD_vs_Control","dataset_02"
"GO:0019904","protein domain specific binding",412,0.367062245465522,1.4329894601519,0.000881360010020307,0.0229111860148049,0.0189419235253979,2429,"tags=34%, list=26%, signal=26%","7431/9467/3553/6498/23705/5577/3815/51466/4067/7405/2037/56937/2530/4193/3309/5591/8553/29966/958/8826/8754/5329/3303/122953/8932/79801/7150/5782/1656/64332/837/23411/394/8202/8660/3091/9928/10409/10626/1182/2181/5912/23085/3320/7430/998/7532/64853/834/3301/9522/6868/23405/9135/8767/4691/1499/5925/4217/5981/11335/23473/5573/7094/30011/23613/51645/2885/4087/6641/5874/4170/10152/7444/843/4615/3326/2060/6934/285590/9585/342184/4690/51701/6654/835/841/1386/5747/160851/6815/1213/102/5534/8030/5728/25836/23607/5576/6198/9516/1793/10656/8878/6801/546/8751/3169/59338/7534/8452/5074/1111/3280/10499/1739/5007/9101/598/3170/133522/9414/6731/5870/11113/7531/7529/8915/55824/9646/3675/25978/1611/158747/2120/3837/6996/10314/51232/51729","Up","MF","Stem_cells_OLFM4_PCNA","EPI","Colon","ActiveCD_vs_Control","dataset_02"
"GO:0140657","ATP-dependent activity",371,0.370503020369606,1.43994344567236,0.00090461425292267,0.0229111860148049,0.0189419235253979,2666,"tags=39%, list=29%, signal=29%","3310/2182/91351/81930/10808/6890/3309/8653/3796/10973/55236/6782/79572/3832/5965/55601/2180/3303/23545/6059/57674/23064/54454/1656/29028/54821/83990/23347/2956/286410/9928/8467/7486/3308/2181/7184/57062/23078/3320/64848/23515/23405/4646/221264/641/23/8458/257218/9493/10721/254394/5981/23400/10312/79665/4430/63971/8243/79915/7516/79710/1781/2186/9044/1665/57634/55729/9371/4615/9188/3326/83858/5983/9585/55636/23250/7520/57169/4643/10525/55614/526/56992/63979/523/27032/3070/22824/10146/1105/8886/155066/11056/79876/55930/79677/23195/80205/990/23120/546/10730/10111/5825/89797/170506/9931/488/10061/84515/489/1062/56916/1778/5378/23200/1763/7318/57697/9319/5884/1108/7153/10257/79784/4173/84896/1662/374868/10592/55661/3312/91869/56919/11194/55754/7415/83752/23456/908/10057/1654/1655/10575/50485/9716","Up","MF","Stem_cells_OLFM4_PCNA","EPI","Colon","ActiveCD_vs_Control","dataset_02"
"GO:0022834","ligand-gated channel activity",39,-0.51529626015403,-1.88613979615659,0.000906901113086029,0.0229111860148049,0.0189419235253979,1562,"tags=41%, list=17%, signal=34%","1140/6338/53373/3710/5025/338440/117155/55362/54795/50636/358/9992/3768/1179/3760/54831","Down","MF","Stem_cells_OLFM4_PCNA","EPI","Colon","ActiveCD_vs_Control","dataset_02"
"GO:0001540","amyloid-beta binding",34,0.62185668885944,1.79927203301204,0.00130907274144591,0.0311122844193812,0.0257222176011112,1300,"tags=32%, list=14%, signal=28%","712/7804/972/1191/348/5621/3949/9452/8301/3339/323","Up","MF","Stem_cells_OLFM4_PCNA","EPI","Colon","ActiveCD_vs_Control","dataset_02"
"GO:0008083","growth factor activity",37,0.597493907075362,1.75550038324847,0.00131094542731325,0.0311122844193812,0.0257222176011112,1712,"tags=43%, list=18%, signal=35%","7031/9535/7076/5967/652/2919/655/182/734/9135/7422/7873/4254/346389/3068/1890","Up","MF","Stem_cells_OLFM4_PCNA","EPI","Colon","ActiveCD_vs_Control","dataset_02"
"GO:0016817","hydrolase activity, acting on acid anhydrides",493,0.345272674007483,1.36111096516434,0.00136116244334793,0.0311122844193812,0.0257222176011112,2666,"tags=37%, list=29%, signal=28%","3310/115361/54509/2633/2769/397/5996/5997/2635/6004/6236/91351/81930/6890/5880/2634/3309/10681/8653/3796/10973/6782/79572/5965/5911/390/55601/3303/2771/55207/6059/57674/54454/1656/29028/8732/54821/83990/23347/394/286410/9928/8467/7486/7184/5912/57062/23078/26164/3320/998/64848/23515/5908/2935/221264/85865/641/23/158471/5899/9493/10721/254394/5981/23400/79665/10059/167227/63971/51552/8243/79915/7280/25923/79710/5874/55669/10767/9044/1665/9583/55729/9371/2776/9188/3326/80117/83858/4599/10672/5983/158158/9585/55636/23250/7520/2643/56681/4643/55614/56992/63979/523/27032/23011/22875/57403/10146/1105/8886/4976/83452/11056/26225/55720/283871/79677/23195/80205/990/23120/6237/546/83594/9669/10730/10111/5825/89797/221079/170506/55341/488/28960/390916/10061/6016/285282/4218/84515/64225/489/56916/1778/51128/5870/5378/5464/23200/1763/5868/54840/23560/57697/3265/9319/1108/10257/4173/84896/1662/85476/374868/10592/55661/3312/56919/11194/7415/83752/23456/908/10057/1654/1655/27289/60558/10575/9716","Up","MF","Stem_cells_OLFM4_PCNA","EPI","Colon","ActiveCD_vs_Control","dataset_02"
"GO:0016818","hydrolase activity, acting on acid anhydrides, in phosphorus-containing anhydrides",493,0.345272674007483,1.36111096516434,0.00136116244334793,0.0311122844193812,0.0257222176011112,2666,"tags=37%, list=29%, signal=28%","3310/115361/54509/2633/2769/397/5996/5997/2635/6004/6236/91351/81930/6890/5880/2634/3309/10681/8653/3796/10973/6782/79572/5965/5911/390/55601/3303/2771/55207/6059/57674/54454/1656/29028/8732/54821/83990/23347/394/286410/9928/8467/7486/7184/5912/57062/23078/26164/3320/998/64848/23515/5908/2935/221264/85865/641/23/158471/5899/9493/10721/254394/5981/23400/79665/10059/167227/63971/51552/8243/79915/7280/25923/79710/5874/55669/10767/9044/1665/9583/55729/9371/2776/9188/3326/80117/83858/4599/10672/5983/158158/9585/55636/23250/7520/2643/56681/4643/55614/56992/63979/523/27032/23011/22875/57403/10146/1105/8886/4976/83452/11056/26225/55720/283871/79677/23195/80205/990/23120/6237/546/83594/9669/10730/10111/5825/89797/221079/170506/55341/488/28960/390916/10061/6016/285282/4218/84515/64225/489/56916/1778/51128/5870/5378/5464/23200/1763/5868/54840/23560/57697/3265/9319/1108/10257/4173/84896/1662/85476/374868/10592/55661/3312/56919/11194/7415/83752/23456/908/10057/1654/1655/27289/60558/10575/9716","Up","MF","Stem_cells_OLFM4_PCNA","EPI","Colon","ActiveCD_vs_Control","dataset_02"
"GO:0061135","endopeptidase regulator activity",62,0.527470549568912,1.70018052595138,0.00140937377011094,0.031417728777701,0.0259747450640204,351,"tags=19%, list=4%, signal=19%","5266/684/5268/7076/11005/5271/5272/2/2634/5621/5265/9097","Up","MF","Stem_cells_OLFM4_PCNA","EPI","Colon","ActiveCD_vs_Control","dataset_02"
"GO:0031072","heat shock protein binding",89,0.488111213623695,1.66085952285908,0.00150580954875567,0.031417728777701,0.0259747450640204,1419,"tags=25%, list=15%, signal=21%","9532/3310/2633/11153/196/54431/3309/6782/9451/3303/26973/2081/3091/3301/55466/3337/1457/2908/79982/2289/3326/6558","Up","MF","Stem_cells_OLFM4_PCNA","EPI","Colon","ActiveCD_vs_Control","dataset_02"
"GO:0140311","protein sequestering activity",24,0.668350456329391,1.82771902446032,0.0015311962052991,0.031417728777701,0.0259747450640204,2269,"tags=58%, list=24%, signal=44%","7805/6397/56937/1026/3638/7532/147138/4690/6386/2810/8878/7534/84640/7531","Up","MF","Stem_cells_OLFM4_PCNA","EPI","Colon","ActiveCD_vs_Control","dataset_02"
"GO:0052689","carboxylic ester hydrolase activity",55,-0.454266398177085,-1.802080173382,0.00153842886338289,0.031417728777701,0.0259747450640204,1418,"tags=36%, list=15%, signal=31%","391356/217/5050/8228/57136/8398/116236/122970/26027/83451/23491/10005/80755/670/8824/760/10965/28992/374569/759","Down","MF","Stem_cells_OLFM4_PCNA","EPI","Colon","ActiveCD_vs_Control","dataset_02"
"GO:0016782","transferase activity, transferring sulphur-containing groups",29,-0.570152030777023,-1.92361055812302,0.00156368964660824,0.031417728777701,0.0259747450640204,906,"tags=38%, list=10%, signal=34%","9054/9514/55501/100131187/6820/4357/6817/6799/23302/166012/79783","Down","MF","Stem_cells_OLFM4_PCNA","EPI","Colon","ActiveCD_vs_Control","dataset_02"
"GO:0016887","ATP hydrolysis activity",272,0.384437502090792,1.47520723720966,0.00157088643888505,0.031417728777701,0.0259747450640204,2717,"tags=40%, list=29%, signal=30%","3310/91351/81930/6890/3309/8653/3796/10973/6782/79572/5965/55601/3303/6059/57674/54454/1656/29028/54821/83990/23347/286410/9928/8467/7486/7184/57062/23078/3320/64848/23515/221264/641/23/9493/10721/254394/5981/23400/79665/63971/8243/79915/79710/9044/1665/55729/9371/9188/3326/83858/5983/9585/55636/23250/7520/4643/55614/56992/63979/523/27032/10146/1105/8886/11056/79677/23195/80205/990/23120/546/10730/10111/5825/89797/170506/488/10061/84515/489/56916/1778/5378/23200/1763/57697/9319/1108/10257/4173/84896/1662/374868/10592/55661/3312/56919/11194/7415/83752/23456/908/10057/1654/1655/10575/9716/8607/9525","Up","MF","Stem_cells_OLFM4_PCNA","EPI","Colon","ActiveCD_vs_Control","dataset_02"
"GO:0016462","pyrophosphatase activity",492,0.345997543959184,1.36387653318614,0.00167598473088147,0.0328356192172696,0.0271469922037514,2666,"tags=37%, list=29%, signal=28%","3310/115361/54509/2633/2769/397/5996/5997/2635/6004/6236/91351/81930/6890/5880/2634/3309/10681/8653/3796/10973/6782/79572/5965/5911/390/55601/3303/2771/55207/6059/57674/54454/1656/29028/8732/54821/83990/23347/394/286410/9928/8467/7486/7184/5912/57062/23078/26164/3320/998/64848/23515/5908/2935/221264/85865/641/23/158471/5899/9493/10721/254394/5981/23400/79665/10059/167227/63971/51552/8243/79915/7280/25923/79710/5874/55669/10767/9044/1665/9583/55729/9371/2776/9188/3326/80117/83858/4599/10672/5983/158158/9585/55636/23250/7520/2643/56681/4643/55614/56992/63979/523/27032/23011/22875/57403/10146/1105/8886/4976/83452/11056/26225/55720/283871/79677/23195/80205/990/23120/6237/546/83594/9669/10730/10111/5825/89797/221079/170506/55341/488/28960/390916/10061/6016/285282/4218/84515/64225/489/56916/1778/51128/5870/5378/5464/23200/1763/5868/54840/23560/57697/3265/9319/1108/10257/4173/84896/1662/85476/374868/10592/55661/3312/56919/11194/7415/83752/23456/908/10057/1654/1655/27289/60558/10575/9716","Up","MF","Stem_cells_OLFM4_PCNA","EPI","Colon","ActiveCD_vs_Control","dataset_02"
"GO:0005126","cytokine receptor binding",94,0.478102479374533,1.64360108720907,0.00198524381812746,0.0381166813080471,0.0315131334498548,1394,"tags=31%, list=15%, signal=27%","6373/51561/6351/6348/4050/3553/8651/6772/9021/2921/58191/5295/3716/7046/161742/56477/4591/3572/5196/9958/6868/6885/3606/7422/2885/4087/4254/4615/10818","Up","MF","Stem_cells_OLFM4_PCNA","EPI","Colon","ActiveCD_vs_Control","dataset_02"
"GO:0044391","ribosomal subunit",172,-0.520259898010187,-2.47188666846792,1e-10,1.5075e-08,1.15526315789474e-08,2018,"tags=52%, list=22%, signal=42%","64949/29074/6159/124995/6207/6217/7818/64928/65005/128308/28973/29088/55168/6224/51081/6228/6165/6231/64965/2197/6125/6176/65003/6189/64978/84311/64968/9045/29093/6234/56945/6133/11224/6164/6182/25873/6124/6143/51264/26589/6141/6192/6202/28957/6210/64432/6150/6230/6128/6142/51642/6171/6201/6147/6154/64981/6129/64983/6161/6157/6209/6181/6136/54948/54148/6122/6132/6135/116540/6137/6204/6203/6134/6223/4736/6138/6191/6175/6222/6193/79590/6188/6208/6187/6194/23521/6160/6173/6139/6218","Down","CC","Stem_cells_OLFM4_PCNA","EPI","Colon","ActiveCD_vs_Control","dataset_02"
"GO:0042613","MHC class II protein complex",11,0.979334127428668,2.210862305906,1e-10,1.5075e-08,1.15526315789474e-08,103,"tags=91%, list=1%, signal=90%","3113/3115/3117/3127/3122/3119/3109/3123/972/3108","Up","CC","Stem_cells_OLFM4_PCNA","EPI","Colon","ActiveCD_vs_Control","dataset_02"
"GO:0005759","mitochondrial matrix",418,-0.376977014717978,-1.99288994907451,1e-10,1.5075e-08,1.15526315789474e-08,2360,"tags=44%, list=25%, signal=34%","51021/53343/219927/318/3028/54938/387787/708/6464/594/5018/8803/4833/51253/10922/80347/4720/5428/6183/56922/10201/84300/1841/10531/5096/23410/4521/2230/64949/29074/5091/2395/50/6472/57805/124995/4704/10352/55794/80324/7818/10131/6389/64928/26284/65005/285367/128308/28973/29088/55168/7417/51081/3712/92399/1716/64965/3030/51103/5095/5888/65003/64978/197322/51166/84311/23408/6296/64968/51601/29093/501/55217/56945/2271/2647/6182/10667/51657/3421/51264/217/6821/26589/5160/64745/7386/5162/1892/4191/292/28957/4706/64432/34/23438/2232/6150/3029/4728/152100/3032/23474/1632/26995/51642/80224/10935/92170/4705/622/3420/122961/131118/51205/11112/64981/9054/5303/26027/402/83451/79922/116447/64983/3033/373156/55902/54802/4722/10588/54948/54148/84274/84681/219/2108/728294/374291/84532/10587/116540/4942/686/5106/4968/25973/84266/8802/55856/1666/10873/84693/91689/587/5009/6390/79590/6188/10449/37/275/23479/549/2109/4357/349565/8801/3155/38/25824/1891/56953/7923/32/80724/10965/5166/5164/35/162417/1593/80221/3158","Down","CC","Stem_cells_OLFM4_PCNA","EPI","Colon","ActiveCD_vs_Control","dataset_02"
"GO:0005743","mitochondrial inner membrane",384,-0.370313142816104,-1.94512448615732,1e-10,1.5075e-08,1.15526315789474e-08,2369,"tags=47%, list=25%, signal=36%","79085/4709/51021/25813/219927/1350/5018/4833/51253/51629/51660/4720/55245/6183/10939/30968/51004/29078/4711/4697/10201/84300/1347/4538/54977/64949/4725/9167/29074/10229/6472/4700/27089/124995/4704/115286/7818/10131/284439/4713/6389/6687/5498/64928/26284/8402/65005/55735/79064/128308/28973/83985/9016/29088/4580/55168/51081/150290/10651/54675/92609/1384/4358/64965/55967/3030/51103/26517/29796/4695/65003/6834/64978/23464/54927/84311/64968/119559/29093/56945/1351/28958/4716/8834/389203/6182/1159/400916/25875/51264/55572/84987/26589/7385/6391/7386/84273/292/28957/7388/4723/4706/64432/2232/4512/25880/6150/4728/3032/548596/51117/7384/51295/4694/51642/4718/4702/92170/4705/64756/6392/622/1340/10245/4535/3958/28976/2110/131118/25915/54946/729515/4712/64981/64983/114971/80775/57017/4722/84303/617/54948/54148/84274/1329/4724/9377/374291/1537/399512/1345/116540/25874/1337/91647/4715/126328/291/192286/51079/788/54539/91689/51522/5009/293/6390/79590/6188/37/94097/51537/197257/83943/1327/150209/129807/1593/343","Down","CC","Stem_cells_OLFM4_PCNA","EPI","Colon","ActiveCD_vs_Control","dataset_02"
"GO:0015934","large ribosomal subunit",105,-0.54244805537179,-2.35750401109174,4.67451900343921e-10,5.63746991814769e-08,4.32023966844172e-08,2004,"tags=53%, list=21%, signal=42%","29074/6159/124995/64928/65005/128308/29088/55168/6165/6125/6176/65003/64978/84311/9045/29093/6133/11224/6164/6182/25873/6124/6143/51264/26589/6141/6150/6128/6142/51642/6171/6147/6154/64981/6129/64983/6161/6157/6181/6136/54948/54148/6122/6132/6135/116540/6137/6134/4736/6138/6175/79590/23521/6160/6173/6139","Down","CC","Stem_cells_OLFM4_PCNA","EPI","Colon","ActiveCD_vs_Control","dataset_02"
"GO:0030139","endocytic vesicle",198,0.544781108931674,2.05914438225134,1.55967696618866e-09,1.42197864376523e-07,1.08972440361863e-07,1226,"tags=26%, list=13%, signal=23%","6288/3113/3115/3117/3127/1755/3122/11151/3119/3043/3123/7431/972/338557/59272/4067/7405/915/10808/4689/348/6890/5880/4193/3133/3134/3949/200576/306/23545/10938/3685/9727/163/22863/1182/7184/811/51143/3320/998/9135/4646/8301/10312/817/30011/51552/6892/6814/7791/3106","Up","CC","Stem_cells_OLFM4_PCNA","EPI","Colon","ActiveCD_vs_Control","dataset_02"
"GO:0022625","cytosolic large ribosomal subunit",52,-0.670916629207043,-2.52773406576593,1.65072147700773e-09,1.42197864376523e-07,1.08972440361863e-07,1711,"tags=63%, list=18%, signal=52%","6165/6125/6176/9045/6133/11224/6164/25873/6124/6143/6141/6128/6142/6171/6147/6154/6129/6161/6157/6181/6136/6122/6132/6135/6137/6134/4736/6138/6175/23521/6160/6173/6139","Down","CC","Stem_cells_OLFM4_PCNA","EPI","Colon","ActiveCD_vs_Control","dataset_02"
"GO:0009986","cell surface",280,0.493402091285327,1.9064028175281,5.3043251340104e-09,3.99813506976034e-07,3.06394570240864e-07,1003,"tags=26%, list=11%, signal=24%","50506/3113/3115/301/684/7305/973/2207/4680/3122/5788/7804/3123/7852/972/3108/1048/10791/2152/1191/3815/59272/1604/563/8140/915/100/634/214/196527/3133/4233/3309/3134/5621/255738/3949/9097/3561/958/53340/8754/3416/5329/7046/1087/3696/10267/960/3685/9982/9388/55959/2526/3572/10384/2936/1182/5045/308/811/8842/3320/81539/54542/6868/8301/25800/4179/6520/3161/4217/6509","Up","CC","Stem_cells_OLFM4_PCNA","EPI","Colon","ActiveCD_vs_Control","dataset_02"
"GO:0098552","side of membrane",263,0.49792696671168,1.91610613521087,6.88737854330783e-09,4.61454362401625e-07,3.53632652691478e-07,1005,"tags=25%, list=11%, signal=23%","3113/3115/3117/684/973/2207/3127/4680/3122/1043/3119/5788/419/3123/7852/972/2769/5996/5997/1048/2152/4061/3815/4067/1604/563/8140/915/9021/100/1943/214/3133/10681/3134/5621/255738/3949/3561/958/8826/53340/8754/3416/5329/3716/1087/2771/3685/163/5530/2539/3572/10384/1800/2936/1182/308/811/81539/51025/1147/3301/401474/821/4217/283987","Up","CC","Stem_cells_OLFM4_PCNA","EPI","Colon","ActiveCD_vs_Control","dataset_02"
"GO:0022626","cytosolic ribosome",107,-0.519873075535218,-2.2743328936104,9.15643629289687e-09,5.52133108461681e-07,4.23123740271761e-07,1765,"tags=54%, list=19%, signal=44%","6224/6228/6165/6231/2197/6125/6176/6189/9045/6234/6133/11224/6164/25873/6124/6143/1915/6141/6192/6202/6210/6230/6128/90850/6142/6171/6201/6147/6154/6129/6161/6157/6209/6181/6136/6122/6132/6135/6137/6204/6203/6134/6223/4736/6138/6191/6175/6222/6193/6188/6208/6187/6194/23521/6160/6173/6139/6218","Down","CC","Stem_cells_OLFM4_PCNA","EPI","Colon","ActiveCD_vs_Control","dataset_02"
"GO:0030666","endocytic vesicle membrane",110,0.605170809271324,2.13926239808667,1.31088151106853e-08,7.18601410158475e-07,5.50695677855583e-07,517,"tags=23%, list=6%, signal=22%","3113/3115/3117/3127/1755/3122/11151/3119/3123/972/59272/4067/915/348/6890/5880/4193/3133/3134/3949/200576/306/23545/9727/163","Up","CC","Stem_cells_OLFM4_PCNA","EPI","Colon","ActiveCD_vs_Control","dataset_02"
"GO:0019866","organelle inner membrane",417,-0.323144887378026,-1.70441932851654,2.47608221551159e-08,1.24423131329457e-06,9.53508853166305e-07,2369,"tags=44%, list=25%, signal=34%","79085/4709/51021/25813/219927/1350/151188/5018/4833/51253/51629/51660/4720/55245/6183/10939/30968/51004/29078/4711/4697/10201/84300/1347/4538/54977/64949/4725/9167/29074/10229/6472/4700/27089/124995/4704/115286/7818/10131/284439/4713/6389/6687/5498/64928/26284/8402/65005/55735/79064/128308/28973/83985/9016/29088/4580/55168/25972/51081/150290/10651/54675/92609/1384/4358/2010/64965/55967/3030/51103/26517/29796/4695/65003/6834/64978/23464/54927/84311/64968/119559/29093/56945/1351/28958/4716/8834/389203/6182/1159/400916/199953/25875/51264/55572/84987/26589/7385/6391/7386/84273/292/28957/7388/4723/4706/64432/2232/4512/25880/6150/4728/3032/548596/51117/7384/51295/4694/51642/4718/4702/92170/4705/64756/6392/622/1340/10245/4535/3958/28976/2110/131118/25915/54946/729515/4712/64981/64983/114971/80775/57017/4722/84303/617/54948/54148/84274/1329/4724/9377/374291/1537/399512/1345/116540/25874/1337/91647/4715/126328/291/192286/51079/788/54539/91689/51522/5009/293/6390/79590/6188/37/94097/51537/197257/83943/1327/150209/129807/1593/343","Down","CC","Stem_cells_OLFM4_PCNA","EPI","Colon","ActiveCD_vs_Control","dataset_02"
"GO:0030141","secretory granule",469,0.429099512284093,1.69801927182745,2.9428294616544e-08,1.26316368733931e-06,9.68017559120111e-07,1247,"tags=22%, list=13%, signal=20%","6280/6947/5655/684/6286/4069/3310/7305/2335/2207/4680/1755/3934/9535/7076/5788/3043/11005/978/79888/240/3553/201294/51083/2919/54509/1670/5552/5320/10562/6498/1191/3815/1604/3709/634/2/196527/6447/5265/51316/63910/6282/54832/1265/8826/5611/5329/29887/675/306/9749/3303/23545/960/2771/3685/56477/5062/1315/54918/5196/22862/374354/1182/51719/5718/5912/811/51143/3320/5066/998/8560/1832/2444/5908/9522/84061/410/134957/55832/1906/121260/4179/6093/23230/968/5707/10855/1534/10312/3672/7422/51552/23197/2992/5874/11057/6814/3106/10447","Up","CC","Stem_cells_OLFM4_PCNA","EPI","Colon","ActiveCD_vs_Control","dataset_02"
"GO:0005840","ribosome",212,-0.395292947554896,-1.91205320288986,3.03823661591713e-08,1.26316368733931e-06,9.68017559120111e-07,2018,"tags=45%, list=22%, signal=36%","64949/29074/1938/6159/124995/6207/6217/7818/64928/65005/128308/28973/29088/55168/6224/51081/6228/6165/6231/64965/2197/6125/6176/65003/6189/64978/84311/64968/9045/29093/6234/56945/6133/11224/6164/6182/25873/6124/6143/51264/26589/1915/6141/6192/6202/28957/6210/64432/6150/6230/6128/90850/6142/51642/6171/6201/6147/92170/6154/64981/6129/64983/6161/6157/6209/5687/6181/6136/54948/54148/6122/6132/6135/116540/6137/6204/6203/6134/6223/4736/6138/6191/6175/6222/6193/79590/6188/6208/6187/6194/23521/6160/6173/6139/6218/4504","Down","CC","Stem_cells_OLFM4_PCNA","EPI","Colon","ActiveCD_vs_Control","dataset_02"
"GO:0042611","MHC protein complex",17,0.883487290323851,2.22629102573512,3.14219822721221e-08,1.26316368733931e-06,9.68017559120111e-07,310,"tags=71%, list=3%, signal=68%","3113/3115/3117/3127/3122/3119/3109/3123/972/3108/3133/3134","Up","CC","Stem_cells_OLFM4_PCNA","EPI","Colon","ActiveCD_vs_Control","dataset_02"
"GO:0030312","external encapsulating structure",144,0.550355509005574,2.01514201301739,5.40997000178502e-08,1.9189481829861e-06,1.47057388903011e-06,380,"tags=22%, list=4%, signal=22%","4316/5644/6280/5266/301/7045/712/8404/2335/1755/7076/3956/145864/5271/3909/5552/2152/1191/4256/5272/3918/563/6275/64856/348/2/64094/655/5265/3490/84929/667","Up","CC","Stem_cells_OLFM4_PCNA","EPI","Colon","ActiveCD_vs_Control","dataset_02"
"GO:0031012","extracellular matrix",144,0.550355509005574,2.01514201301739,5.40997000178502e-08,1.9189481829861e-06,1.47057388903011e-06,380,"tags=22%, list=4%, signal=22%","4316/5644/6280/5266/301/7045/712/8404/2335/1755/7076/3956/145864/5271/3909/5552/2152/1191/4256/5272/3918/563/6275/64856/348/2/64094/655/5265/3490/84929/667","Up","CC","Stem_cells_OLFM4_PCNA","EPI","Colon","ActiveCD_vs_Control","dataset_02"
"GO:0005770","late endosome",207,0.503769044298191,1.91022125434414,1.85490519683223e-07,5.97687667256759e-06,4.5803419032158e-06,479,"tags=14%, list=5%, signal=13%","3113/3115/3117/684/973/3127/3122/3119/3109/3123/7852/972/201294/3108/10791/7405/153020/348/10581/4864/255738/3949/91056/79572/54832/200576/55207/25849","Up","CC","Stem_cells_OLFM4_PCNA","EPI","Colon","ActiveCD_vs_Control","dataset_02"
"GO:0030669","clathrin-coated endocytic vesicle membrane",41,0.727120870002331,2.19235206775748,1.8832613064475e-07,5.97687667256759e-06,4.5803419032158e-06,517,"tags=29%, list=6%, signal=28%","3113/3115/3117/3127/3122/3119/3123/972/915/348/3949/163","Up","CC","Stem_cells_OLFM4_PCNA","EPI","Colon","ActiveCD_vs_Control","dataset_02"
"GO:0030136","clathrin-coated vesicle",137,0.539491325425998,1.96389145051561,5.44114895824106e-07,1.64050641090968e-05,1.25719178561464e-05,1806,"tags=31%, list=19%, signal=26%","3113/3115/3117/3127/3122/3119/3123/22848/972/201294/7851/915/348/130340/3949/5286/261729/163/55681/8546/5045/8905/9685/9522/4646/8301/1906/57617/3092/51552/5874/115548/440400/4643/526/9779/523/54812/143187/1213/102/155066/22905","Up","CC","Stem_cells_OLFM4_PCNA","EPI","Colon","ActiveCD_vs_Control","dataset_02"
"GO:0098553","lumenal side of endoplasmic reticulum membrane",25,0.792320727469591,2.15027877813224,8.14859650325607e-07,2.33981128164924e-05,1.79309968166888e-05,310,"tags=40%, list=3%, signal=39%","3113/3115/3117/3127/3122/3119/3123/972/3133/3134","Up","CC","Stem_cells_OLFM4_PCNA","EPI","Colon","ActiveCD_vs_Control","dataset_02"
"GO:0062023","collagen-containing extracellular matrix",123,0.541474055174552,1.94143576265909,2.23847763972204e-06,6.13546371251087e-05,4.70187408534917e-05,380,"tags=23%, list=4%, signal=22%","5644/6280/301/7045/712/8404/2335/7076/3956/145864/5271/3909/2152/1191/4256/5272/3918/563/6275/64856/348/2/64094/655/5265/3490/84929/667","Up","CC","Stem_cells_OLFM4_PCNA","EPI","Colon","ActiveCD_vs_Control","dataset_02"
"GO:0032994","protein-lipid complex",16,0.846390841432208,2.09219479664701,2.41967374686959e-06,6.34375334505376e-05,4.8614955371888e-05,328,"tags=38%, list=4%, signal=36%","6288/6289/8542/1191/348/3949","Up","CC","Stem_cells_OLFM4_PCNA","EPI","Colon","ActiveCD_vs_Control","dataset_02"
"GO:0045334","clathrin-coated endocytic vesicle",49,0.680718096690922,2.13092410063711,2.69188089998359e-06,6.76335076120878e-05,5.18305138198596e-05,517,"tags=24%, list=6%, signal=23%","3113/3115/3117/3127/3122/3119/3123/972/915/348/3949/163","Up","CC","Stem_cells_OLFM4_PCNA","EPI","Colon","ActiveCD_vs_Control","dataset_02"
"GO:0030135","coated vesicle",216,0.472388345082211,1.79976133570903,3.35487299680149e-06,8.09195366828519e-05,6.20121787619306e-05,1806,"tags=28%, list=19%, signal=23%","3113/3115/3117/3127/3122/3119/3123/22848/972/201294/7851/11015/9871/915/348/130340/3133/3134/5265/255738/3949/10802/5286/261729/163/1315/55681/8546/5045/8905/9685/9522/4646/55014/8301/1906/57617/3092/51552/11196/22872/5874/3106/115548/3998/8615/90411/203547/6836/440400/56681/4643/526/9779/523/54812/143187/1213/102/155066/22905","Up","CC","Stem_cells_OLFM4_PCNA","EPI","Colon","ActiveCD_vs_Control","dataset_02"
"GO:0000139","Golgi membrane",438,0.409899964798119,1.62107609683392,3.61064378997314e-06,8.37391617443772e-05,6.41729807205753e-05,2006,"tags=31%, list=21%, signal=25%","3113/3115/3117/3127/3122/3119/3123/79888/115361/972/2633/27090/7851/2635/9245/10317/11015/1604/259230/56937/130340/2530/11227/2634/3133/3134/51809/79586/390/3838/200576/11237/23545/261729/25849/50807/9727/79694/2803/26286/2590/1315/2526/64746/10678/51201/79571/22862/1182/51026/153339/116068/9653/23760/64841/7110/5045/10905/23085/54947/8905/166929/4249/998/147138/7357/6868/5664/340481/6093/283987/254887/10564/93380/56913/55568/51360/63971/51552/6892/55300/64921/93010/3106/9917/9583/149175/30815/9867/8658/84750/25921/6513/3998/2804/1184/135152/57511/8615/11235/55858/10565/55331/2907/6836/440400/2132/10331/523/27032/148867/23011/22908/143187/2683/2589/11322/9334/102/8943/83452/2524/9950/11226/65977/55032/9516/11261/9276/57584/4124/22856/57085/3107","Up","CC","Stem_cells_OLFM4_PCNA","EPI","Colon","ActiveCD_vs_Control","dataset_02"
"GO:0005765","lysosomal membrane",311,0.427248031762689,1.66071709310478,4.22996683192147e-06,9.10953571303087e-05,6.98103548576513e-05,1916,"tags=26%, list=21%, signal=22%","3113/3115/3117/684/7805/3127/4680/3122/3119/3109/3123/79888/972/3108/338557/4067/8140/10581/130340/4864/3134/255738/3949/91056/63910/54832/23545/64837/55207/163/283537/54918/286410/8546/1182/8905/151636/5908/4646/84061/121260/6520/57617/23230/968/10855/1534/23400/10312/51552/79026/153129/9583/126321/223082/96459/8774/2776/54834/1184/10410/55858/6836/23250/440400/56681/526/523/302/2683/5538/5284/26985/1213/8943/155066/23120/55737/9516/4012/949/54978","Up","CC","Stem_cells_OLFM4_PCNA","EPI","Colon","ActiveCD_vs_Control","dataset_02"
"GO:0098852","lytic vacuole membrane",311,0.427248031762689,1.66071709310478,4.22996683192147e-06,9.10953571303087e-05,6.98103548576513e-05,1916,"tags=26%, list=21%, signal=22%","3113/3115/3117/684/7805/3127/4680/3122/3119/3109/3123/79888/972/3108/338557/4067/8140/10581/130340/4864/3134/255738/3949/91056/63910/54832/23545/64837/55207/163/283537/54918/286410/8546/1182/8905/151636/5908/4646/84061/121260/6520/57617/23230/968/10855/1534/23400/10312/51552/79026/153129/9583/126321/223082/96459/8774/2776/54834/1184/10410/55858/6836/23250/440400/56681/526/523/302/2683/5538/5284/26985/1213/8943/155066/23120/55737/9516/4012/949/54978","Up","CC","Stem_cells_OLFM4_PCNA","EPI","Colon","ActiveCD_vs_Control","dataset_02"
"GO:0098576","lumenal side of membrane",33,0.730023133914267,2.12013955683619,6.32964091015082e-06,0.000131612878235205,0.000100860702706214,310,"tags=30%, list=3%, signal=29%","3113/3115/3117/3127/3122/3119/3123/972/3133/3134","Up","CC","Stem_cells_OLFM4_PCNA","EPI","Colon","ActiveCD_vs_Control","dataset_02"
"GO:0098797","plasma membrane protein complex",211,0.461541630111116,1.75362221068088,1.16891461512454e-05,0.000234951837640033,0.000180053865277079,1677,"tags=33%, list=18%, signal=27%","50506/3113/3115/3117/1001/973/2207/3127/3122/3119/3109/3123/972/3752/3108/2769/4067/8140/915/634/4689/214/5880/3133/10008/10681/3134/958/7046/324/3696/10267/2771/3685/163/3572/5144/2707/1147/6335/5664/134957/2316/3778/8301/1499/5578/6520/23603/3672/3339/2885/79026/6641/3106/843/2776/2017/2060/10672/3655/1138/657/9779/6386/302/3688/841/3691","Up","CC","Stem_cells_OLFM4_PCNA","EPI","Colon","ActiveCD_vs_Control","dataset_02"
"GO:0030133","transport vesicle",244,0.445177297205433,1.70527520634221,1.33332452036349e-05,0.000259353124444899,0.000198753638179821,1812,"tags=27%, list=19%, signal=23%","3113/3115/3117/7805/3127/3122/3119/3123/1671/972/201294/1670/26509/11015/30061/9871/1604/3709/634/130340/3133/3134/26258/63910/10802/84958/261729/1315/1182/5045/81611/8905/5066/9522/5664/134957/55014/8301/472/1906/23400/10059/10226/51552/11196/22872/5874/3106/63915/3998/1184/10947/8615/114569/90411/203547/6836/56681/526/523/54812/143187/5538/1213/155066/9950/6645","Up","CC","Stem_cells_OLFM4_PCNA","EPI","Colon","ActiveCD_vs_Control","dataset_02"
"GO:0098803","respiratory chain complex",77,-0.482196047641282,-2.0432329114469,1.41615716425726e-05,0.000266857115639728,0.000204504274706888,2233,"tags=66%, list=24%, signal=51%","4720/4711/4697/1347/4538/4725/9167/4700/27089/4704/4713/6389/55967/29796/4695/6834/1351/4716/7385/6391/7386/7388/4723/4706/4512/4728/7384/4694/4718/4702/4705/6392/1340/4535/84419/4712/4722/617/1329/4724/9377/374291/1537/1345/1337/4715/126328/51079/54539/6390/1327","Down","CC","Stem_cells_OLFM4_PCNA","EPI","Colon","ActiveCD_vs_Control","dataset_02"
"GO:0031252","cell leading edge",252,0.439569650607084,1.68840796000196,1.78770386477864e-05,0.000319450395990198,0.000244808804817486,1677,"tags=26%, list=18%, signal=22%","405753/50506/54997/11151/7431/7852/22848/51466/29780/5420/81930/5880/26258/6282/8826/667/324/8543/960/3685/50855/65059/9107/23022/117178/23499/6249/5756/1182/9260/24138/6711/23075/7430/998/2195/9748/6868/4646/4076/1499/25800/6093/23603/10096/23122/7094/23286/5586/55785/23224/10152/6277/55917/323/4254/2017/22902/54869/526/8525/3688/841/57403/3691","Up","CC","Stem_cells_OLFM4_PCNA","EPI","Colon","ActiveCD_vs_Control","dataset_02"
"GO:0022627","cytosolic small ribosomal subunit",38,-0.605802151169682,-2.12542210743832,1.80121284637923e-05,0.000319450395990198,0.000244808804817486,1913,"tags=66%, list=20%, signal=53%","6207/6217/6224/6228/6231/2197/6189/6234/6192/6202/6210/6230/6201/6209/6204/6203/6223/6191/6222/6193/6188/6208/6187/6194/6218","Down","CC","Stem_cells_OLFM4_PCNA","EPI","Colon","ActiveCD_vs_Control","dataset_02"
"GO:0034358","plasma lipoprotein particle",13,0.85787418257471,2.01027828880886,1.95682508639464e-05,0.000321797862040889,0.000246607770683338,328,"tags=46%, list=4%, signal=45%","6288/6289/8542/1191/348/3949","Up","CC","Stem_cells_OLFM4_PCNA","EPI","Colon","ActiveCD_vs_Control","dataset_02"
"GO:1990777","lipoprotein particle",13,0.85787418257471,2.01027828880886,1.95682508639464e-05,0.000321797862040889,0.000246607770683338,328,"tags=46%, list=4%, signal=45%","6288/6289/8542/1191/348/3949","Up","CC","Stem_cells_OLFM4_PCNA","EPI","Colon","ActiveCD_vs_Control","dataset_02"
"GO:0012507","ER to Golgi transport vesicle membrane",52,0.639108162560181,2.0172758434852,1.99928183478405e-05,0.000321797862040889,0.000246607770683338,348,"tags=23%, list=4%, signal=22%","3113/3115/3117/3127/3122/3119/3123/972/9871/3133/3134/10802","Up","CC","Stem_cells_OLFM4_PCNA","EPI","Colon","ActiveCD_vs_Control","dataset_02"
"GO:0005774","vacuolar membrane",337,0.416274144122063,1.62304496160233,2.02791355846663e-05,0.000321797862040889,0.000246607770683338,1916,"tags=26%, list=21%, signal=22%","3113/3115/3117/684/7805/3127/4680/3122/3119/3109/3123/79888/972/3108/338557/4067/7405/8140/10581/130340/4864/3134/255738/3949/91056/63910/54832/23545/64837/55207/163/283537/54918/286410/22863/8546/1182/8905/151636/5908/4646/84061/55014/121260/6520/57617/23230/968/10855/1534/23400/10312/51552/79026/153129/23001/9583/126321/223082/96459/8774/2776/54834/1184/10410/55858/9821/6836/23250/440400/56681/526/523/81671/302/2683/5538/5284/26985/1213/8943/155066/23120/55737/9516/4012/949/54978","Up","CC","Stem_cells_OLFM4_PCNA","EPI","Colon","ActiveCD_vs_Control","dataset_02"
"GO:0030662","coated vesicle membrane",139,0.491212419315279,1.7865219438241,2.76997666263537e-05,0.000428281007069008,0.000328210460161114,2007,"tags=33%, list=21%, signal=26%","3113/3115/3117/3127/3122/3119/3123/972/11015/9871/915/348/130340/3133/3134/3949/10802/163/1315/8546/8905/9685/4646/55014/3092/11196/22872/3106/3998/8615/90411/203547/440400/56681/526/9779/523/54812/143187/1213/155066/22905/9276/7037/3107/1839","Up","CC","Stem_cells_OLFM4_PCNA","EPI","Colon","ActiveCD_vs_Control","dataset_02"
"GO:0099513","polymeric cytoskeletal fiber",375,0.403755689177726,1.58579016210474,3.20465837862224e-05,0.000481090470071543,0.000368680660489496,2382,"tags=34%, list=26%, signal=27%","6288/301/3855/3854/9532/11151/3123/7431/81930/10808/5358/5880/81493/23271/3796/3880/26258/3832/8826/667/259266/324/7171/64837/348235/23022/57509/9928/23499/6249/5756/84376/51199/9260/6790/51143/7430/1832/140609/23291/834/4646/285331/7170/2316/7525/57617/6509/283987/203/9493/5339/10059/5347/23122/10564/221035/4430/63971/7280/114327/1781/4281/83544/10152/81624/55055/84790/1808/23322/57606/9371/10611/54867/11011/79848/54820/2017/4599/9585/342184/89765/126353/9735/55614/22974/56992/26586/154796/1213/6840/4976/5411/23607/84260/6645/3192/4957/10253/1452/85378/22919/8452/9654/5074/1739/1729/5318/9645/7178/23354/283349/1062/2011/1778/51361/54801/55142/6990/51512/4134/10787/8915/87/9903/25978/10426/51203/256364","Up","CC","Stem_cells_OLFM4_PCNA","EPI","Colon","ActiveCD_vs_Control","dataset_02"
"GO:0030134","COPII-coated ER to Golgi transport vesicle",77,0.583836550940322,1.95499700019565,3.27109606516306e-05,0.000481090470071543,0.000368680660489496,348,"tags=18%, list=4%, signal=18%","3113/3115/3117/3127/3122/3119/3123/972/9871/3133/3134/5265/255738/10802","Up","CC","Stem_cells_OLFM4_PCNA","EPI","Colon","ActiveCD_vs_Control","dataset_02"
"GO:0072562","blood microparticle",29,0.721431161391516,2.03112208570432,3.77582918562009e-05,0.00054210119022117,0.000415435842728626,441,"tags=31%, list=5%, signal=30%","5644/3310/2335/3043/8542/1191/348/2/3303","Up","CC","Stem_cells_OLFM4_PCNA","EPI","Colon","ActiveCD_vs_Control","dataset_02"
"GO:0031902","late endosome membrane",119,0.515714806753909,1.83929462279047,4.20390139568613e-05,0.000589523846883428,0.000451777897847298,467,"tags=13%, list=5%, signal=12%","3113/3115/3117/3127/3122/3119/3109/3123/3108/10581/4864/79572/54832/200576/55207","Up","CC","Stem_cells_OLFM4_PCNA","EPI","Colon","ActiveCD_vs_Control","dataset_02"
"GO:0030665","clathrin-coated vesicle membrane",84,0.552223720732385,1.88388219822677,5.15401897945314e-05,0.000694555239266289,0.000532268045802393,898,"tags=20%, list=10%, signal=18%","3113/3115/3117/3127/3122/3119/3123/972/915/348/130340/3949/163/8546/8905/9685/4646","Up","CC","Stem_cells_OLFM4_PCNA","EPI","Colon","ActiveCD_vs_Control","dataset_02"
"GO:0015935","small ribosomal subunit",69,-0.491285187015014,-2.00348777834266,5.18324805422604e-05,0.000694555239266289,0.000532268045802393,2455,"tags=61%, list=26%, signal=45%","54998/6235/6206/51021/6233/6183/6232/64949/6207/6217/7818/28973/55168/6224/51081/6228/6231/64965/2197/6189/64968/6234/56945/6192/6202/28957/6210/64432/6230/6201/6209/6204/6203/6223/6191/6222/6193/6188/6208/6187/6194/6218","Down","CC","Stem_cells_OLFM4_PCNA","EPI","Colon","ActiveCD_vs_Control","dataset_02"
"GO:0030658","transport vesicle membrane",136,0.497403455941873,1.80703217389171,5.42776507204187e-05,0.000711509204008967,0.000545260610211987,1812,"tags=32%, list=19%, signal=26%","3113/3115/3117/3127/3122/3119/3123/972/26509/9871/3709/634/130340/3133/3134/63910/10802/1182/81611/8905/5066/9522/55014/472/10059/11196/22872/5874/3106/3998/8615/114569/90411/203547/56681/526/523/54812/143187/5538/1213/155066/6645","Up","CC","Stem_cells_OLFM4_PCNA","EPI","Colon","ActiveCD_vs_Control","dataset_02"
"GO:0005788","endoplasmic reticulum lumen",131,0.496650760998754,1.79373660552886,6.7985208129735e-05,0.0008722357553666,0.000668432393481605,983,"tags=25%, list=11%, signal=23%","51561/8404/2335/51237/7076/3956/8542/652/1191/59272/64856/348/54431/3309/813/5265/255738/3490/5611/5329/55033/285203/444/64167/80124/7184/811/80267/6868/57544/410/821/1906","Up","CC","Stem_cells_OLFM4_PCNA","EPI","Colon","ActiveCD_vs_Control","dataset_02"
"GO:0099512","supramolecular fiber",462,0.379161546770509,1.50139362514455,9.88613711026584e-05,0.00124194597447715,0.000951757498115505,2547,"tags=37%, list=27%, signal=28%","6288/301/3855/3620/3854/9532/11151/3123/7431/29780/81930/10808/5358/5880/4660/81493/23271/3796/3880/26258/3832/9531/8826/667/56704/259266/324/7171/64837/10529/5530/348235/23022/2274/57509/9928/23499/6249/5756/84376/51199/9260/51719/6790/51143/6711/7430/1832/140609/23291/834/4646/285331/7170/2316/7525/1499/57617/6509/283987/203/9493/5339/23603/10059/5347/23122/10564/221035/4430/63971/7280/79026/114327/1781/4281/23224/8087/83544/10152/81624/55055/84790/1808/23322/57606/9371/10611/54867/6513/1503/3998/11011/79848/54820/2017/4599/7414/9585/342184/89765/126353/255743/9735/7913/55614/22974/56992/26586/154796/1213/6840/4976/11080/5411/23607/84260/6645/3192/4957/10253/1452/85378/8878/22919/29766/8452/9654/5074/1739/1729/5318/9645/7178/23354/283349/1062/2011/1778/4534/79912/51361/54801/55142/6990/51512/4134/10787/8915/87/9903/25978/10426/51203/7871/256364/54545/1465/4236/79784/92521/1783/81/23332/9453/2023/5048/4000/6714","Up","CC","Stem_cells_OLFM4_PCNA","EPI","Colon","ActiveCD_vs_Control","dataset_02"
"GO:1904724","tertiary granule lumen",35,0.671860643180322,1.97564259373678,0.000117050483882621,0.00140832004221648,0.00107925722009782,369,"tags=20%, list=4%, signal=19%","6947/4069/3043/978/2919/10562/1265","Up","CC","Stem_cells_OLFM4_PCNA","EPI","Colon","ActiveCD_vs_Control","dataset_02"
"GO:0099081","supramolecular polymer",463,0.379101653453175,1.50065712560691,0.00011842169478706,0.00140832004221648,0.00107925722009782,2547,"tags=37%, list=27%, signal=28%","6288/301/3855/3620/3854/9532/11151/3123/7431/29780/81930/10808/5358/5880/4660/81493/23271/3796/3880/26258/3832/9531/8826/667/56704/259266/324/7171/64837/10529/5530/348235/23022/2274/57509/9928/23499/6249/5756/84376/51199/9260/51719/6790/51143/6711/7430/1832/140609/23291/834/4646/285331/7170/2316/7525/1499/57617/6509/283987/203/9493/5339/23603/10059/5347/23122/10564/221035/4430/63971/7280/79026/114327/1781/4281/23224/8087/83544/10152/81624/55055/84790/1808/23322/57606/9371/10611/54867/6513/1503/3998/11011/79848/54820/2017/4599/7414/9585/342184/89765/126353/255743/9735/7913/55614/22974/56992/26586/154796/1213/6840/4976/11080/5411/23607/84260/6645/3192/4957/10253/1452/85378/8878/22919/29766/8452/9654/5074/1739/1729/5318/9645/7178/23354/283349/1062/2011/1778/4534/79912/51361/54801/55142/6990/51512/4134/10787/8915/87/9903/25978/10426/51203/7871/256364/54545/1465/4236/79784/92521/1783/81/23332/9453/2023/5048/4000/6714","Up","CC","Stem_cells_OLFM4_PCNA","EPI","Colon","ActiveCD_vs_Control","dataset_02"
