"ID","Description","setSize","enrichmentScore","NES","pvalue","p.adjust","qvalue","rank","leading_edge","core_enrichment","ont","direction","cluster"
"GO:0000313","organellar ribosome",63,-0.430467959903291,-1.87102799958747,0.000231247305345787,0.00625728002700366,0.00511178253922267,969,"tags=43%, list=25%, signal=33%","54534/29088/51642/10573/54460/6150/219927/65003/64981/84545/54948/51073/29093/63875/65005/51081/64963/55173/128308/51116/28973/29074/64949/51253/63931/55168/79590","CC","Down",5
"GO:0000315","organellar large ribosomal subunit",38,-0.477239133225142,-1.83901011536588,0.00165601754516683,0.0208575292654426,0.0170392172717689,969,"tags=50%, list=25%, signal=38%","54534/29088/51642/10573/6150/219927/65003/64981/84545/54948/51073/29093/63875/65005/128308/29074/51253/55168/79590","CC","Down",5
"GO:0000785","chromatin",310,0.387275303062177,1.58101336611031,3.27636384836371e-05,0.00188390921280913,0.00153902880771822,1170,"tags=44%, list=31%, signal=33%","5396/6772/9975/7003/93649/7112/2063/5074/6938/10927/6594/6881/10735/6773/55183/2186/4017/7798/3091/5885/51450/5927/26057/25836/6774/23394/4094/1112/6909/122953/23468/3727/1107/6659/1059/6599/6777/1912/11335/4208/6935/1660/4776/3516/4678/1786/23451/2114/64431/10769/3164/54796/81611/6418/5514/50809/9612/8609/8467/7155/11244/546/9188/5591/1911/8648/3184/10725/23466/7503/6926/6421/57178/467/26993/23326/8520/3182/7052/65980/8554/23476/1998/7913/55193/9031/1390/54107/1051/221037/3659/7227/9126/9500/11168/84181/2295/1499/7027/1106/22877/2300/22926/1060/5989/1457/9839/27125/1316/4676/10951/4784/6925/5307/11198/23047/7067/55929/5926/90993/4090/3090/51434/5928/55209/6722/64764/10274/10042/7005/1385/8289/6749/29117/4205","CC","Up",7
"GO:0000976","transcription cis-regulatory region binding",214,0.383146851483115,1.52600792925868,0.000593786556290341,0.00911542605332199,0.00684163741956154,1170,"tags=47%, list=31%, signal=35%","5396/639/6772/9975/7003/2063/6938/165/6773/2186/3091/4150/51450/5927/6774/23394/4094/1112/7705/6909/9745/253461/54816/122953/3727/1107/6659/6777/4097/4853/4208/6935/1660/7150/4776/7025/10413/55749/3516/2114/3164/8609/84146/79718/23135/8648/140467/10725/7716/6926/6421/3192/84159/467/8554/988/23476/339123/9921/112950/1390/1602/9967/1051/7586/81/3659/7227/7707/2295/8531/7027/1106/22877/2300/22926/7520/5989/5813/9839/7343/1316/4784/6925/170506/5307/7067/3757/10923/5926/90993/4090/7494/7026/5928/6722/64764/7005/1385/29117/4205","MF","Up",7
"GO:0001067","transcription regulatory region nucleic acid binding",214,0.383146851483115,1.52600792925868,0.000593786556290341,0.00911542605332199,0.00684163741956154,1170,"tags=47%, list=31%, signal=35%","5396/639/6772/9975/7003/2063/6938/165/6773/2186/3091/4150/51450/5927/6774/23394/4094/1112/7705/6909/9745/253461/54816/122953/3727/1107/6659/6777/4097/4853/4208/6935/1660/7150/4776/7025/10413/55749/3516/2114/3164/8609/84146/79718/23135/8648/140467/10725/7716/6926/6421/3192/84159/467/8554/988/23476/339123/9921/112950/1390/1602/9967/1051/7586/81/3659/7227/7707/2295/8531/7027/1106/22877/2300/22926/7520/5989/5813/9839/7343/1316/4784/6925/170506/5307/7067/3757/10923/5926/90993/4090/7494/7026/5928/6722/64764/7005/1385/29117/4205","MF","Up",7
"GO:0001568","blood vessel development",214,0.471547881056521,1.86636344317813,2.27205500951057e-08,7.24331137031969e-06,5.38357455411399e-06,761,"tags=40%, list=20%, signal=34%","5396/7474/2247/639/3949/6356/6772/7128/93649/10672/57674/51330/4162/3685/9510/7422/4017/23213/29924/7057/7798/3091/207/26057/22905/6774/2260/57381/659/1282/6909/1284/1277/54361/7423/7070/6659/7045/7082/2152/163/7040/25/2697/3339/4853/2683/1289/7127/4208/5371/7837/4776/10413/3516/3688/90139/28996/2969/9475/10769/3164/3678/84168/23576/493/5159/2022/4016/961/196740/25831/1278/7716/6926/9525/1281/57178/5156/65125/7052/6237/2316/8828/57493","BP","Up",1
"GO:0001725","stress fiber",43,0.523349759174147,1.71816709156063,0.00275294855916122,0.0294501473770735,0.0240588160494628,1085,"tags=53%, list=28%, signal=39%","51474/6624/171024/7798/4026/7171/667/10979/54776/85458/54751/79778/2317/800/10611/1265/4660/81/26258/87/4627/23022/51466","CC","Up",2
"GO:0001726","ruffle",59,0.535365464034159,1.83998576994384,9.43290853836132e-05,0.003099384234033,0.00253199123924435,1044,"tags=56%, list=27%, signal=41%","10630/51474/3685/6624/4650/2017/23362/23499/25/3688/2778/1021/3678/7094/23527/4830/6249/51177/4646/4289/5756/26060/9564/8826/23191/7456/10395/26258/83442/87/4627/23022/6093","CC","Up",2
"GO:0001944","vasculature development",225,0.470743125945776,1.862352545009,5.98631486697107e-09,3.18072863265063e-06,2.36406925711437e-06,761,"tags=40%, list=20%, signal=34%","5396/10630/7474/2247/639/3949/6356/6772/7128/93649/10672/57674/51330/4162/3685/9510/7422/6648/4017/23213/29924/7057/7798/3091/207/26057/22905/6774/2260/57381/659/1282/6909/1284/1277/54361/7423/7070/6659/7045/7082/2152/163/7040/25/2697/3339/4853/2683/1289/7127/4208/5371/7837/4776/10413/3516/3688/1786/102/90139/28996/2969/9475/10769/3164/3678/84168/23576/493/5159/2022/4016/961/196740/25831/1278/7716/6926/9525/1281/57178/5156/65125/7052/6237/2316/8828/57493","BP","Up",1
"GO:0002020","protease binding",51,0.561185755923734,1.8723788425284,0.000170841044069953,0.00421903100137971,0.00316661889466046,843,"tags=45%, list=22%, signal=36%","3949/7076/7128/56975/8780/3685/2/7057/10752/1277/2152/5728/3554/267/3688/9475/29108/624/1278/1281/114769/1213/8837","MF","Up",14
"GO:0003008","system process",365,0.431739304741497,1.75225580938082,2.12830788323129e-09,1.69626138293534e-06,1.26074238030359e-06,844,"tags=39%, list=22%, signal=33%","2168/7033/3949/5284/183/6356/23345/8870/6772/51474/93649/2131/6546/26509/5742/7373/2063/1674/5144/10672/64167/4162/7402/7422/3488/2149/6648/29766/23213/3091/207/7171/9590/10979/25836/85461/28232/23394/2260/3320/54407/2017/659/10752/6909/1277/3572/5585/8989/7423/1522/7045/5350/7082/1756/6533/4683/5048/7078/57419/5062/7040/25/2697/5728/623/5764/136319/4208/267/5530/4776/10413/257194/5270/3688/7531/9843/28996/10257/4297/84061/2778/152137/9475/10769/3164/10659/23405/3678/3074/340481/7110/800/8985/488/55450/25937/5577/23576/4649/4060/493/3680/9867/1075/2022/10611/624/3913/2729/4646/7871/196740/8912/8411/1278/2821/2771/5339/4660/6926/476/1889/65125/3845/26058/8554/2316/57493/5756/2132/9921/8654/7991/2782/1827/998/4629/8837/950","BP","Up",1
"GO:0003677","DNA binding",474,0.368128040000607,1.5141893845913,4.62012945951771e-06,0.00048217222175762,0.00036189723834662,1171,"tags=43%, list=31%, signal=34%","5396/639/8653/6772/7128/9975/7003/27332/7112/2063/57109/6938/80012/165/6594/6881/6648/6773/2186/3091/4150/5885/51450/5927/6774/23394/4094/1112/23137/7705/6909/9745/253461/54816/23036/122953/3727/1107/6659/1059/6599/6777/4097/55870/4683/25/4853/1912/51663/10771/23049/8880/136319/4208/5371/6935/1660/7150/5411/4776/7025/10413/55749/3516/3431/1786/284695/4297/2114/2969/3164/7507/54796/6418/5514/50809/7110/9612/8609/4300/8467/7155/11244/2804/22861/546/84146/79718/5591/9774/23168/23135/1911/8648/3184/140467/10725/7716/6926/6421/3192/5937/80205/84159/467/26993/3182/6651/26019/29068/8554/5980/988/23476/1998/7913/55193/339123/9921/112950/2521/57106/1390/1602/54107/473/9967/8243/1051/4925/221037/7586/811/3329/81/3428/3659/7227/9126/7707/11168/84181/2295/8531/5431/7027/1106/22877/2300/22926/7520/1060/5441/5989/5813/9839/7343/10146/79811/10250/1316/25939/8148/4784/6925/170506/5307/23047/65056/7067/23429/7763/3757/57060/79101/10923/5926/90993/3921/4090/5981/51747/3090/7494/7026/10657/55246/5440/5928/55384/6722/64764/10042/7005/1385/8289/171568/6749/7257/29117/4205/2971","MF","Up",7
"GO:0003682","chromatin binding",167,0.402506718946431,1.56742477402319,0.000873841621361528,0.00959040607859855,0.00719813651192071,1198,"tags=48%, list=31%, signal=34%","2168/639/6772/7091/80012/6594/6881/10735/5885/5927/26057/25836/6774/23394/5585/122953/23468/1107/1059/6599/6777/55870/1912/11335/6935/1660/7150/10413/3516/1786/4297/64431/6418/50809/9612/4300/8467/7155/546/23135/1911/8648/3184/10725/23466/6421/3192/23476/55193/1487/2521/54107/473/8243/1051/221037/81/9126/11168/84181/1499/5431/1106/7343/51322/4676/10951/11198/7067/90993/7494/5928/6722/10274/8289/1655/6749/4205/5978/148398","MF","Up",3
"GO:0003690","double-stranded DNA binding",256,0.39225034873249,1.5769661370849,9.83677090665026e-05,0.00279364293748867,0.00209678537747019,1170,"tags=47%, list=31%, signal=35%","5396/639/6772/9975/7003/27332/2063/57109/6938/165/6773/2186/3091/4150/51450/5927/6774/23394/4094/1112/7705/6909/9745/253461/54816/122953/3727/1107/6659/1059/6777/4097/25/4853/10771/4208/6935/1660/7150/4776/7025/10413/55749/3516/2114/3164/7507/54796/8609/22861/84146/79718/5591/23135/8648/140467/10725/7716/6926/6421/3192/5937/84159/467/3182/8554/988/23476/1998/339123/9921/112950/1390/1602/9967/1051/7586/3329/81/3428/3659/7227/9126/7707/11168/2295/8531/7027/1106/22877/2300/22926/7520/1060/5989/5813/9839/7343/1316/4784/6925/170506/5307/7067/3757/10923/5926/90993/4090/5981/3090/7494/7026/5928/55384/6722/64764/7005/1385/29117/4205","MF","Up",7
"GO:0003779","actin binding",146,0.43652038170846,1.67427542387793,6.15153907735955e-05,0.0019411523310779,0.00145694346569042,1085,"tags=44%, list=28%, signal=33%","23345/51474/23406/5074/9749/130271/7402/2314/7414/6645/114793/29766/51088/6624/171024/7798/4650/55740/7171/667/10979/2633/1756/23499/85458/25/10096/1730/3688/829/55704/3636/79778/23164/2317/800/7094/84168/3987/4649/4478/10611/4646/1265/5339/3192/2316/5756/4629/81/8826/23191/7456/65108/22921/9948/26258/87/4627/23022/10109/5358/5034/51466","MF","Up",2
"GO:0004676","3-phosphoinositide-dependent protein kinase activity",31,0.590208669085918,1.8067496030808,0.00106372461787273,0.00959040607859855,0.00719813651192071,1057,"tags=61%, list=28%, signal=45%","56975/8780/207/57551/5610/5062/23049/1453/28996/6196/9475/1454/5591/65125/8428/1457/1452/6093/2931","MF","Up",3
"GO:0004677","DNA-dependent protein kinase activity",31,0.590208669085918,1.8067496030808,0.00106372461787273,0.00959040607859855,0.00719813651192071,1057,"tags=61%, list=28%, signal=45%","56975/8780/207/57551/5610/5062/23049/1453/28996/6196/9475/1454/5591/65125/8428/1457/1452/6093/2931","MF","Up",3
"GO:0004679","AMP-activated protein kinase activity",31,0.590208669085918,1.8067496030808,0.00106372461787273,0.00959040607859855,0.00719813651192071,1057,"tags=61%, list=28%, signal=45%","56975/8780/207/57551/5610/5062/23049/1453/28996/6196/9475/1454/5591/65125/8428/1457/1452/6093/2931","MF","Up",3
"GO:0004694","eukaryotic translation initiation factor 2alpha kinase activity",31,0.590208669085918,1.8067496030808,0.00106372461787273,0.00959040607859855,0.00719813651192071,1057,"tags=61%, list=28%, signal=45%","56975/8780/207/57551/5610/5062/23049/1453/28996/6196/9475/1454/5591/65125/8428/1457/1452/6093/2931","MF","Up",3
"GO:0004711","ribosomal protein S6 kinase activity",31,0.590208669085918,1.8067496030808,0.00106372461787273,0.00959040607859855,0.00719813651192071,1057,"tags=61%, list=28%, signal=45%","56975/8780/207/57551/5610/5062/23049/1453/28996/6196/9475/1454/5591/65125/8428/1457/1452/6093/2931","MF","Up",3
"GO:0004713","protein tyrosine kinase activity",23,0.658124847884715,1.89039231913834,0.000462355355903982,0.00847204517740075,0.00635874406383859,864,"tags=65%, list=23%, signal=51%","91461/2260/3480/4921/5610/25/5605/28996/51232/5159/5156/8828/9031/7465/3716","MF","Up",3
"GO:0005102","signaling receptor binding",339,0.38928773011161,1.58545730365234,5.94226329630869e-06,0.00048217222175762,0.00036189723834662,866,"tags=34%, list=23%, signal=29%","10551/2919/10630/7474/2247/27020/100462977/183/54843/6356/23345/7076/6772/100462981/3303/2200/3487/5144/10672/3685/975/7402/7422/10135/3488/2149/23452/2/7057/4650/3667/667/10979/6774/2260/8754/3320/2252/3480/8895/3572/54361/6892/7423/7070/7045/3977/51293/4536/1123/7040/25/2697/2717/3339/1289/2776/5764/3554/57561/7837/4776/1730/5727/5270/8452/7412/3688/102/55704/10085/2778/3910/3678/9180/9612/6311/7094/4478/56034/5159/2885/3304/3680/29108/2022/10763/2770/624/3913/7184/9235/3301/22938/2821/2771/6890/1281/19/5156/3383/27122/1191/2316/5919/1213/998/972/9454/11118/8837/3133/811/81/3716/5515","MF","Up",1
"GO:0005178","integrin binding",55,0.514635954802696,1.74838404996264,0.000484969336719541,0.00847204517740075,0.00635874406383859,1169,"tags=62%, list=31%, signal=44%","2247/2200/3685/975/7402/7057/667/10979/8754/7070/7045/3339/1289/5764/7412/3688/102/10085/3678/7094/3680/3913/1281/3383/811/81/3672/1307/87/4627/5034/3964/2192/11117","MF","Up",2
"GO:0005201","extracellular matrix structural constituent",59,0.553113575756948,1.90717850715536,5.4008262371191e-05,0.00180451135451979,0.00135438676534566,696,"tags=49%, list=18%, signal=41%","633/4237/2200/7373/165/7057/1293/1282/1284/1277/4811/25878/7045/5118/1290/3339/127435/1289/7837/3912/10085/3910/8076/4060/4052/3913/1292/1278/1281","MF","Up",4
"GO:0005509","calcium ion binding",139,0.42059207595922,1.60349629311627,0.000522045037339835,0.00847204517740075,0.00635874406383859,865,"tags=36%, list=23%, signal=29%","3949/56975/6546/2200/26509/4017/23213/7057/7171/54510/667/57488/4811/8642/51293/23499/3339/4853/27032/5099/5530/7178/3688/6453/715/10085/10905/3678/813/488/3309/2195/7086/4052/7184/826/55033/4121/2009/11328/221154/7052/57493/1462/55741/4925/821/811/81/8826","MF","Up",16
"GO:0005518","collagen binding",29,0.663199895913783,2.00007379447359,4.74314529199142e-05,0.00168381657865695,0.00126379858108982,638,"tags=59%, list=17%, signal=49%","9902/7373/165/7057/23505/8754/4921/4811/7045/5118/3339/127435/3688/51144/84168/4060/1292","MF","Up",4
"GO:0005524","ATP binding",284,0.398717663418602,1.60656709756534,1.39939337621477e-05,0.000662379531408324,0.000497152909971037,1014,"tags=42%, list=27%, signal=33%","10808/8653/56975/3303/8780/57674/6059/6594/10746/91461/4650/207/23095/2260/3320/659/3480/4921/23137/5585/1778/1107/10294/57551/26973/5610/23/5062/3308/25/5605/27338/23049/4144/27032/10096/1660/7150/8566/55661/1453/4076/3306/28996/1981/10257/6196/1021/22836/9475/10769/23405/10521/488/3309/8467/57062/4830/7155/1454/4649/10749/493/22861/546/5159/3304/9188/5591/3336/2729/7184/3093/4646/3301/7328/92912/6890/9525/3192/476/19/5156/80205/65125/51143/5756/5706/3326/9031/8428/9967/10606/10576/10694/8243/4629/7465/55308/3329/3716/6240/9126/118424/84181/1106/7520/11056/1457/11325/64222/10146/22929/908/1452/90/170506/10730","MF","Up",3
"GO:0005539","glycosaminoglycan binding",64,0.490534098658726,1.7210487954504,0.000678111274343407,0.00959040607859855,0.00719813651192071,763,"tags=39%, list=20%, signal=32%","633/2247/653808/2200/9510/7422/23213/7057/2260/2252/7705/7423/5118/5048/1289/5764/1809/5727/5270/51144/2799/2022/83716/8828/1462","MF","Up",4
"GO:0005604","basement membrane",35,0.580127204239335,1.82363752496547,0.00065910496257468,0.0121275313113741,0.0099073882795436,628,"tags=49%, list=16%, signal=41%","7076/2200/9510/4017/667/1282/1284/4811/7045/7078/3339/1289/7837/3912/3910/3913/4016","CC","Up",4
"GO:0005694","chromosome",454,0.342936396940272,1.4141949818271,0.000484230909886648,0.00928109243949408,0.0075820366153304,1174,"tags=40%, list=31%, signal=32%","5396/6772/9975/7003/93649/7112/2063/5074/6938/10927/6594/6881/10735/6773/55183/2186/4017/7798/3091/5885/51450/5927/26057/25836/192669/6774/23394/4094/1112/23137/6909/253461/122953/23468/3727/1107/6659/1059/6599/6777/55870/4683/5048/1912/51663/11335/10771/348235/4208/5500/5371/6935/10096/1660/7150/4776/55661/3306/3516/4678/1786/4926/55082/23451/2114/5527/64431/329/10769/3164/7507/54796/81611/6418/5514/50809/9612/8609/4300/8467/7155/11244/546/84365/6249/9188/5591/1911/8648/90853/3184/10725/23466/7503/6926/6421/3192/57178/57187/467/26993/23326/8520/3182/7052/65980/8554/988/23476/1998/7913/55193/51143/9031/1390/54107/8243/1051/221037/5515/3659/7227/9126/5930/9500/11168/84181/2295/1499/5431/7027/1106/22877/2300/22926/7520/1060/5989/23376/1457/5813/9839/27125/1316/25939/4676/10951/1452/4784/6925/170506/5307/11198/23047/7067/10109/84154/55929/5926/90993/51535/4090/5981/3090/51434/51652/5928/55209/6722/64764/10274/10042/7005/1385/8289/6749/10092/55651/29117/4205/1783/8031","CC","Up",7
"GO:0005721","pericentric heterochromatin",11,0.737004145153397,1.78056792187839,0.00162746664548577,0.0208575292654426,0.0170392172717689,989,"tags=91%, list=26%, signal=68%","23468/1059/11335/1786/8467/546/9031/54107/1060/10951","CC","Up",10
"GO:0005759","mitochondrial matrix",188,-0.356656501684351,-1.85635955424443,1.65691523154947e-06,0.000190545251628189,0.000155662825700832,978,"tags=41%, list=26%, signal=32%","152100/501/54534/29088/51642/292/374291/5303/10573/708/55379/115416/285367/54460/6150/8801/26275/131118/402/4705/29920/54949/11315/219927/65003/6390/11112/27247/4942/64981/1891/38/84545/1716/2746/54948/9512/51073/217/2653/1666/29093/4704/63875/65005/3420/51081/6647/10469/23597/8803/64963/55173/79586/128308/2926/7417/373156/10449/10295/3155/51116/8802/28973/5018/7386/29074/3029/84681/64949/25828/51253/63931/55168/27068/23479/79590/5166","CC","Down",5
"GO:0005761","mitochondrial ribosome",63,-0.430467959903291,-1.87102799958747,0.000231247305345787,0.00625728002700366,0.00511178253922267,969,"tags=43%, list=25%, signal=33%","54534/29088/51642/10573/54460/6150/219927/65003/64981/84545/54948/51073/29093/63875/65005/51081/64963/55173/128308/51116/28973/29074/64949/51253/63931/55168/79590","CC","Down",5
"GO:0005762","mitochondrial large ribosomal subunit",38,-0.477239133225142,-1.83901011536588,0.00165601754516683,0.0208575292654426,0.0170392172717689,969,"tags=50%, list=25%, signal=38%","54534/29088/51642/10573/6150/219927/65003/64981/84545/54948/51073/29093/63875/65005/128308/29074/51253/55168/79590","CC","Down",5
"GO:0005788","endoplasmic reticulum lumen",126,0.424875241579077,1.61717263735264,0.00120349987563033,0.0178583852512887,0.0145891156400688,992,"tags=44%, list=26%, signal=33%","7474/11098/7076/56975/2200/7373/3487/64167/3488/7057/1293/54431/1282/1284/1277/54361/1522/8542/1290/1289/55757/3912/102/2882/813/8985/3309/4052/56034/1075/3913/7184/1292/55033/23193/1278/5611/1281/10970/51237/1191/1462/339123/9601/55741/821/3915/811/444/91522/340075/64222/11167/51246/1307","CC","Up",4
"GO:0005794","Golgi apparatus",444,0.329567035896417,1.35712146500498,0.00167767083222039,0.0208575292654426,0.0170392172717689,861,"tags=28%, list=23%, signal=25%","633/7474/653808/115361/3949/23345/390/22862/129080/2131/26286/56975/5742/4124/64746/6645/7422/2149/56937/9779/1604/91461/23213/2017/2252/9321/2633/54361/2803/55454/6892/64083/7045/372/84376/23499/55870/4683/7040/2697/2717/54867/3339/4853/23271/2683/5605/2776/27032/267/1453/4684/5727/8452/7412/65977/102/6482/10257/55704/2778/2801/5527/22836/3636/10905/50807/3678/340481/7110/813/27327/5351/8985/6311/5730/57120/4060/10749/2804/56034/5159/2885/9867/29108/23673/624/4646/55832/4121/8675/23193/23216/9522/728661/476/7922/124565/19/5156/7267/3998/153339/3845/26058/94056/1191/2316/1462/51435/2132/23011/8428/1602/1213/51014/9276/998/972/4925/92689/27333/10484/950/3133/6836","CC","Up",1
"GO:0005882","intermediate filament",18,0.673253507304753,1.83403971997577,0.00101070034650283,0.0154974053130433,0.0126603517088249,682,"tags=56%, list=18%, signal=46%","3875/3856/1674/667/23499/2697/5411/6249/10763/5339","CC","Up",9
"GO:0005884","actin filament",45,0.518405057857263,1.70816949553405,0.0018449807495213,0.0223339774942053,0.0182453774952661,1177,"tags=53%, list=31%, signal=37%","51474/23406/5074/7798/4650/7171/2017/1809/1730/4649/10611/23433/4646/2316/5756/8826/7456/26258/87/23022/5358/10152/7170/25802","CC","Up",2
"GO:0005903","brush border",25,0.601291794472157,1.74763973757237,0.00359639853615719,0.0351987941836661,0.0287550790013016,759,"tags=44%, list=20%, signal=35%","51474/10672/2314/7414/3320/54407/2683/10096/2317/5339/2316","CC","Up",11
"GO:0005911","cell-cell junction",121,0.415775078104961,1.57442298792403,0.00135850596406025,0.018936749802052,0.0154700679160928,1122,"tags=44%, list=29%, signal=32%","3875/3856/6546/1674/8189/7414/7422/29766/6624/7798/207/10979/659/7082/55870/5062/2697/2683/5605/5530/10096/5411/10413/3688/102/79778/3678/488/7094/2195/25937/3987/4478/2885/10611/1265/2316/57493/5756/998/8826/5908/1499/8531/9948/26258/1500/87/4627/182/10015/5586/10152","CC","Up",2
"GO:0005925","focal adhesion",240,0.39210175645964,1.57824861546553,0.000259655747851939,0.00663564688954954,0.00542088315690889,1386,"tags=47%, list=36%, signal=32%","9902/51474/390/3303/10672/4162/3685/975/2314/7414/6645/90102/171024/55740/4026/7171/9590/667/10979/8754/2017/4921/8895/7070/85458/2697/3339/5605/5500/10096/54751/3688/7531/102/23164/2317/3678/3309/7094/2195/3987/4478/5159/3304/2022/7184/8675/1265/5339/3383/9019/6205/3845/7052/6237/2316/6235/5756/9564/23011/1213/998/950/811/81/3716/8826/23191/7534/10395/6168/1499/26136/91179/3672/10146/5786/26258/87/4627/23022/10109/7532/5034/51466/10015/10867/8649/6522/10092/5479/5962/4179/2274/6156/7431/6130/966/22919/7529/6176/79026/4659/118/10097/960/23603/71/5754/8650/1495/11078/6169","CC","Up",2
"GO:0005938","cell cortex",102,0.422161945274785,1.56290763753478,0.00426197491113107,0.0400103767167406,0.0326858226267195,1030,"tags=40%, list=27%, signal=30%","2168/23406/130271/7414/90102/6624/4650/207/7171/9590/667/10979/2017/23048/1778/1522/5048/7127/4926/829/2317/800/2885/6249/2770/4646/114882/11214/55763/4289/2316/1487/81/8826/10395/444/1499/9948/1500/87/4627","CC","Up",2
"GO:0006325","chromatin organization",303,0.412130991255211,1.66345498879587,9.00195983938903e-07,9.25749934450717e-05,6.88061514379107e-05,1088,"tags=42%, list=29%, signal=33%","8653/93649/56975/8780/57674/10927/6594/6881/55183/2186/4017/91461/5885/57708/207/9320/5927/25836/2260/3480/4921/23137/5585/122953/23468/1107/10217/6599/57551/55870/4683/5610/5062/25/5728/5605/11335/10771/23049/5500/5371/5530/1660/7150/283131/55661/1453/378938/4678/1786/28996/23451/4297/6196/64431/9475/81611/6418/50809/10521/3309/23399/4300/8467/57062/1454/546/5159/79718/9188/5591/23168/23135/1911/8648/90853/10725/23466/7503/9525/6421/3192/5156/80205/65125/23326/8520/7052/65980/23476/7913/55193/9031/80218/8428/54107/473/7465/55308/221037/3716/5515/3428/11168/84181/1106/11056/1457/11325/10146/5786/51322/4676/10951/1452/8073/170506/11198/10730/23429/6093/2931/55929/5926/9879/5496/51535","BP","Up",3
"GO:0006338","chromatin remodeling",262,0.432435644191114,1.73296701432132,3.47185202233911e-07,5.82540223537742e-05,4.32971684337138e-05,1088,"tags=44%, list=29%, signal=34%","8653/93649/56975/8780/57674/10927/6594/6881/55183/2186/91461/57708/207/9320/5927/25836/2260/3480/4921/5585/122953/23468/1107/10217/6599/57551/55870/4683/5610/5062/25/5728/5605/11335/23049/5500/5371/5530/1660/7150/55661/1453/4678/1786/28996/23451/4297/6196/64431/9475/6418/50809/10521/3309/23399/8467/57062/1454/546/5159/9188/5591/23135/1911/8648/90853/10725/7503/9525/6421/3192/5156/80205/65125/23326/8520/7052/65980/23476/7913/55193/9031/80218/8428/54107/473/7465/55308/221037/3716/5515/3428/11168/84181/1106/11056/1457/11325/10146/5786/51322/4676/10951/1452/8073/170506/11198/10730/23429/6093/2931/55929/5926/9879/5496/51535","BP","Up",3
"GO:0007155","cell adhesion",342,0.435433178606871,1.76396495161144,3.82437567282331e-09,2.43842192899214e-06,1.81235150305795e-06,1071,"tags=45%, list=28%, signal=36%","10551/3960/10630/7474/3875/27020/10808/8728/6356/390/22862/2131/2200/7373/8189/5074/51330/4162/3685/975/7402/7414/7422/90102/29766/1604/7057/4026/207/54510/667/10979/8754/1293/2017/10752/4921/1277/4811/3572/2633/54361/7070/64083/6659/7045/7082/6599/6777/8642/23499/7040/25/2717/5728/3339/2683/1289/27032/5500/5371/394/5099/5530/7837/5411/54751/4684/3516/257194/5270/7412/3912/3688/55824/102/10085/2778/1021/51144/3636/9475/79778/3910/3678/340481/488/7094/84168/2195/3987/4478/91653/51441/3680/29108/2022/10611/3913/961/1292/9235/81671/10725/1281/57178/5156/65125/3383/4289/7052/6237/23476/152330/2316/8828/1462/55193/8654/9564/23654/998/1051/972/3915/55109/3133/811/3329/81/3716/3659/10395/1499/23376/91179/3105/3672/5786/3122/1307/90/4040/1500/87/4627/149041/23022/10109/7532/6093/182/6347/9037/5034","BP","Up",2
"GO:0007167","enzyme-linked receptor protein signaling pathway",261,0.416348974615904,1.67036187790708,3.5988768822075e-06,0.000254960433343945,0.000189498757002318,793,"tags=34%, list=21%, signal=29%","10551/7474/2247/27020/5284/183/93649/2131/56975/3303/2200/3487/7422/3488/56937/23213/7057/3091/331/207/3667/10979/22905/6774/2260/8754/2252/659/3480/1282/4921/8895/6909/1284/1277/3572/10160/54361/7423/3977/6599/6777/2152/1123/5062/7040/25/4853/5654/5605/5764/5371/6935/4776/3516/3688/4926/28996/55704/3636/3678/3309/25937/51232/4052/56034/5159/2885/2022/624/23433/114882/22938/1278/2771/1281/57178/5156/84159/9019/51237/27122/26058/8828/5919/26060/3326/9564","BP","Up",1
"GO:0007169","cell surface receptor protein tyrosine kinase signaling pathway",160,0.475842062879369,1.83561583789523,1.25765603607499e-06,0.000114554498371631,8.51423680362347e-05,872,"tags=41%, list=23%, signal=33%","10551/7474/2247/27020/5284/183/93649/2131/56975/3487/7422/3488/23213/7057/3091/207/3667/22905/6774/2260/2252/3480/1282/4921/8895/6909/1284/1277/54361/7423/6599/6777/2152/1123/5062/7040/25/5605/4776/3516/3688/55704/3636/3678/51232/56034/5159/2885/624/23433/114882/2771/5156/84159/9019/51237/26058/8828/5919/26060/9564/91612/3716/8826/23191","BP","Up",1
"GO:0007229","integrin-mediated signaling pathway",41,0.641291471948686,2.01373591261072,2.14672304111766e-06,0.000171093826377077,0.000127165093830417,1030,"tags=71%, list=27%, signal=52%","7076/3685/9510/667/10979/8754/4811/7070/25/5764/8452/3912/3688/102/3678/7094/3987/3680/3913/961/1281/2316/9564/998/3915/3672/5786/1307/4627","BP","Up",2
"GO:0007507","heart development",171,0.45794863589864,1.77518090297354,1.89839069268701e-06,0.000155181269956056,0.000115338122786463,774,"tags=37%, list=20%, signal=31%","7474/2247/639/80114/23345/93649/2131/6546/2200/7373/4194/9510/7422/6648/7798/3091/25836/8543/2260/659/9321/3480/6909/7423/6659/5350/8642/163/7040/25/2697/5728/4853/5605/1289/4208/4776/10413/3516/5727/7412/3688/9475/9821/5159/5591/2022/10611/23135/25831/11214/5339/6926/3192/1281/1889/57178/5156/65125/2316/8828/57493/22873","BP","Up",1
"GO:0008284","positive regulation of cell population proliferation",240,0.478638756094886,1.90785792577449,6.35644223173736e-10,8.55569187230996e-07,6.35899835058104e-07,860,"tags=40%, list=23%, signal=33%","5396/7474/2247/183/6356/23345/7076/6772/7128/93649/3685/975/9510/7422/10135/3488/2149/1604/7057/3091/4150/207/3667/10979/6774/2260/2252/3480/4921/6909/3572/7423/6659/7082/3977/10294/6599/6777/2152/51293/7040/25/2697/5728/3339/4853/2683/5764/4208/5371/394/5530/1660/283131/378938/10413/55749/3516/8452/7412/3912/3688/1786/102/28996/1021/3164/29950/9180/25937/4830/56034/5159/29108/10763/961/826/2771/6926/3192/57178/5156/467/51237/3845/25940/65980/2316/8828/998/10443/972/8837/3915/55109/3133/811","BP","Up",1
"GO:0009887","animal organ morphogenesis",242,0.430167951853385,1.71323599840047,1.16511374571473e-06,0.000109246547686428,8.11972458700883e-05,761,"tags=34%, list=20%, signal=29%","5396/7474/2247/639/183/6356/4237/55727/6772/7128/7262/2131/56975/2200/4124/4194/9510/6881/7422/3488/125488/23213/3091/25836/6774/2260/29123/2252/659/1112/9321/6909/1277/54361/7070/6659/1522/6599/8642/1290/55870/5048/147495/7040/2697/5728/4853/5605/1289/5764/4208/5371/6935/5530/80184/10413/3516/5727/8452/3912/28996/3636/8076/8985/3638/2195/25937/4478/56034/2022/4646/1278/6926/1281/57178/5156/84159/3845/7052/2316/8828/57493","BP","Up",1
"GO:0009888","tissue development",497,0.385179452013447,1.58233426197076,9.6824079514578e-08,2.0578344366165e-05,1.529480722718e-05,915,"tags=35%, list=24%, signal=30%","633/10551/5396/10630/7474/2247/639/183/6356/23345/10527/55727/7076/6772/7262/9975/22862/93649/2131/56975/6546/7373/5144/10672/3685/4194/6881/7414/7422/23369/3488/90102/2186/4017/91461/23213/7798/3091/207/10979/8543/2260/8754/2252/659/4094/9321/1282/4921/6909/1284/1277/3572/54361/6659/1522/7045/5350/7082/1756/6777/4097/8642/1290/84300/55870/5048/147495/57419/7040/25/2697/5728/4853/2683/5605/1289/5764/136319/4208/27032/57561/5371/6935/5530/4776/80184/4684/10413/3516/5727/5270/3912/3688/4926/2114/2778/1021/9475/3164/2317/54796/3678/340481/27327/10521/5351/8985/488/23399/2195/8609/25937/4649/4478/546/5159/2885/79718/5591/2022/10611/3913/23168/23135/8648/4646/140467/1278/7716/2821/11214/5339/6926/3192/1281/1889/7922/9497/5156/84159/467/3383/3182/3845/7052/2316/8828/57493/2132/23654/1827/998/1051/4629/2054/8837/3915/811/8826/5515/5908/7227/10395/5930/3475/9500/2295/1499/8531/25959/7027","BP","Up",1
"GO:0009925","basal plasma membrane",44,0.586439929215383,1.9240822503878,8.95619375141296e-05,0.003099384234033,0.00253199123924435,907,"tags=55%, list=24%, signal=42%","10630/3949/975/667/28232/8754/3320/659/7082/6533/2683/9843/10257/3636/4478/493/3680/476/9497/19/2054/8826/9123/1499","CC","Up",6
"GO:0009967","positive regulation of signal transduction",422,0.393103836793094,1.60686886655273,4.43362162521286e-07,6.42472079144482e-05,4.77515898485845e-05,872,"tags=34%, list=23%, signal=29%","10551/5396/7474/2247/27020/54625/183/55031/7128/93649/3303/3487/10927/51330/3685/975/7422/23369/3488/2149/23213/7057/3091/331/4150/57708/207/9590/3667/26057/10979/22905/192669/6774/23394/2260/8754/2252/659/3480/4921/1277/4811/3572/54361/6167/7423/64083/6659/2152/57551/23499/5048/5610/85458/5062/7040/25/2697/5728/4853/4144/4208/27032/3554/57561/5371/5530/9258/4776/1453/10413/3516/54765/257194/8452/3912/3688/7531/9736/4926/28996/55704/329/1488/9475/10769/9698/57664/3678/80833/23399/4300/9821/3987/1454/56034/5159/3304/79718/9867/1075/29108/9188/2022/3913/9774/3093/114882/22938/10725/9043/2771/11214/6421/1281/57178/5156/467/65125/3383/3845/7052/1191/23476/2316/114769/51143/339123/3326/5725/998/972/4170/8837/3915/8087/811/81/8826/5515/5908/23191","BP","Up",1
"GO:0009986","cell surface",179,0.391080754734507,1.53537650329834,0.00213139670707173,0.0245110621313249,0.0200239111690687,1084,"tags=42%, list=28%, signal=32%","633/7474/27020/3949/4162/3685/7422/2149/1604/23213/7057/10979/8754/3320/659/3572/54361/3597/7070/3977/1756/2152/7040/4853/2683/3554/7837/3306/4684/7412/3688/102/10257/54495/3678/9180/3309/7094/84168/4478/56034/3680/2022/961/56262/3192/1889/19/5156/3383/9019/1191/57493/118429/3326/9601/23654/972/11118/3133/811/3329/91522/8842/3105/3672/3122/5327/4040/8633/1500/4627/3757/9255/5034/57136","CC","Up",1
"GO:0010628","positive regulation of gene expression",307,0.412564349263069,1.66639313724077,1.35327108756481e-06,0.000116600762896124,8.6663249448318e-05,978,"tags=37%, list=26%, signal=30%","10551/7474/2247/639/3949/183/8728/6772/93649/3303/8780/5144/5074/6938/975/7422/2149/55183/1604/23213/7057/3091/331/4150/5885/207/9590/192669/6774/3320/54407/659/4094/3572/3597/6659/6777/4097/27303/2152/84300/5610/23/57419/7040/23180/25/2697/5605/8880/4208/3554/5530/1660/4776/10413/3516/1786/1981/253943/4297/1021/9475/7110/23367/3987/4060/4478/22861/10492/51441/3304/29108/9188/5591/2022/9235/3184/22938/1265/10725/5611/2821/3192/467/23326/51237/3182/3845/25940/1191/57493/26060/2521/23654/9967/1051/972/11118/8087/3133/811/3329/3428/3659/6675/1499/8531/3658/3105/10658/10146/79792/1535/8148","BP","Up",1
"GO:0010647","positive regulation of cell communication",447,0.377634119717959,1.54796868020178,3.14092479022809e-06,0.00022757427798289,0.00016914405987568,872,"tags=33%, list=23%, signal=29%","10551/5396/7474/2247/27020/54625/183/55031/7128/93649/3303/3487/10927/51330/3685/975/7422/23369/3488/2149/23213/7057/3091/331/4150/57708/207/9590/3667/26057/10979/22905/192669/6774/23394/2260/8754/2252/659/3480/4921/1277/4811/3572/54361/6167/7423/64083/6659/2152/57551/23499/5048/5610/85458/5062/7040/25/2697/5728/4853/4144/5764/4208/27032/3554/57561/5371/5530/9258/4776/1453/10413/3516/54765/257194/5270/8452/3912/3688/7531/9736/4926/28996/55704/329/1488/9475/10769/9698/57664/3678/7110/80833/23399/4300/9821/3987/1454/56034/5159/3304/79718/9867/1075/29108/9188/2022/3913/9774/3093/114882/22938/10725/9043/2771/11214/6421/56262/1281/57178/5156/467/65125/3383/3845/7052/1191/23476/2316/114769/51143/339123/3326/5725/998/972/4170/8837/3915/8087/811/81/8826/5515/5908/23191","BP","Up",1
"GO:0016323","basolateral plasma membrane",39,0.561804175738144,1.81188968502041,0.000854348136617998,0.0144397369453408,0.0117963068409306,907,"tags=51%, list=24%, signal=39%","10630/3949/975/28232/8754/3320/7082/6533/2683/9843/10257/4478/493/476/9497/19/2054/8826/9123/1499","CC","Up",6
"GO:0016442","RISC complex",11,0.704494528777826,1.70202619256577,0.00413604857804628,0.0396371322062768,0.0323809066307571,516,"tags=64%, list=14%, signal=55%","84981/192669/407013/1660/283131/23405/27327","CC","Up",12
"GO:0016469","proton-transporting two-sector ATPase complex",11,0.753014711887572,1.81924871048105,0.000890037263925142,0.0144397369453408,0.0117963068409306,14,"tags=18%, list=0%, signal=18%","4509/4508","CC","Up",8
"GO:0016477","cell migration",391,0.419746440711963,1.71084080709203,1.31381851870685e-08,4.84712414030361e-06,3.60261389415025e-06,865,"tags=37%, list=23%, signal=32%","10630/7474/2247/183/6356/7076/51474/7128/7262/93649/2131/10672/4162/3685/975/9510/7414/7422/3488/90102/2149/6648/114793/4017/23213/6624/171024/7057/3091/4150/207/9590/10979/25836/5108/8543/6774/2260/57381/8754/3320/2017/2252/659/10752/3480/4921/8895/1277/9023/5585/54361/7423/7070/64083/7082/6777/8642/2152/23499/5048/147495/85458/5062/7040/25/2697/10221/5728/127435/623/2683/1289/5764/4208/3554/5371/394/5530/1809/55749/5270/8452/7412/3912/3688/7531/102/253943/55704/89796/55660/9475/10769/3164/3910/3678/3074/3309/2195/7155/22902/4478/493/56034/5159/3680/29108/2022/2770/51177/961/114882/196740/1265/9043/2821/2771/5339/1281/57178/5156/84159/65125/3383/6237/2316/8828/1462/5919/26060/9564/8428/1602/473/23654/998/23625/972/3915/811/81/8826","BP","Up",1
"GO:0016887","ATP hydrolysis activity",102,0.499901905719624,1.83981732324341,5.12141528480341e-06,0.00048217222175762,0.00036189723834662,1091,"tags=55%, list=29%, signal=40%","8653/3303/57674/6059/4650/23095/3320/23137/1778/1107/23/27032/1660/55661/3306/10257/89796/22836/10521/488/3309/8467/57062/10749/493/22861/546/3304/9188/7184/6890/9525/476/19/80205/5706/3326/10576/10694/8243/55308/3329/9126/84181/1106/7520/11056/11325/64222/10146/908/170506/10730/22985/9879/5981","MF","Up",3
"GO:0019838","growth factor binding",50,0.576542065885909,1.91087146659398,3.85430482373231e-05,0.00145949675991997,0.00109543400253444,760,"tags=48%, list=20%, signal=39%","3487/3685/3488/2/7057/2260/659/3480/1282/1277/3572/3977/5654/1289/3554/7837/9180/4052/5159/2022/1278/1281/5156/8828","MF","Up",1
"GO:0019904","protein domain specific binding",210,0.427797761360101,1.69977378858312,1.03476865677575e-05,0.000585062403871794,0.000439122078517563,1160,"tags=42%, list=30%, signal=31%","5396/7474/8728/8030/55031/3303/5074/6938/56937/3091/55740/10772/3667/25836/2260/8754/3320/122953/85458/25/5728/5605/11335/394/1809/7150/3306/8452/7531/55824/4926/102/55704/2114/3636/7507/23405/3309/7094/392/5577/51232/493/22861/546/2885/3304/29108/5591/23433/3301/9522/8554/988/1487/114769/3326/57498/9564/1213/998/4170/9454/8826/64853/7534/6240/7227/7456/10395/1499/7027/1535/908/837/51246/7067/4627/7532/23524/51466/5981/55970/10657/10152/55692/3837/400/1655","MF","Up",13
"GO:0022603","regulation of anatomical structure morphogenesis",216,0.46097434814625,1.82452991390151,7.50586436902684e-08,1.84066889295827e-05,1.36807293074327e-05,630,"tags=35%, list=17%, signal=31%","10630/7474/2247/183/6356/23345/55727/6772/7128/10672/9510/7422/23369/90102/6773/114793/23213/29924/7057/3091/10979/22905/6774/23394/2260/57381/2252/659/6909/1284/5585/54361/2803/7423/7070/7082/2152/1123/23499/5048/147495/5062/7040/25/2697/2717/5728/3339/5605/4208/148170/5371/5530/4776/54751/4076/3688/90139/28996/55660/2969/9475/10769/3678/3074/23576/4649/22902/4478/493/5591/2022/10611/51177/23433","BP","Up",1
"GO:0023056","positive regulation of signaling",450,0.375639637793091,1.54071552024116,4.83826790727619e-06,0.000302600071282002,0.00022490680857683,872,"tags=33%, list=23%, signal=29%","10551/5396/7474/2247/27020/54625/183/55031/7128/93649/3303/3487/10927/51330/3685/975/7422/23369/3488/2149/23213/7057/3091/331/4150/57708/207/9590/3667/26057/10979/22905/192669/6774/23394/2260/8754/2252/659/3480/4921/1277/4811/3572/54361/6167/7423/64083/6659/2152/57551/23499/5048/5610/85458/5062/7040/25/2697/5728/4853/4144/5764/4208/27032/3554/57561/5371/5530/9258/4776/1453/10413/3516/54765/257194/5270/8452/3912/3688/7531/9736/4926/28996/55704/329/1488/9475/10769/9698/57664/3678/7110/80833/23399/4300/9821/3987/1454/56034/5159/3304/79718/9867/1075/29108/9188/2022/3913/9774/3093/114882/22938/10725/9043/2771/11214/6421/56262/1281/1889/57178/5156/467/65125/3383/3845/7052/1191/23476/2316/114769/51143/339123/3326/5725/998/972/4170/8837/3915/8087/811/81/8826/5515/5908/23191","BP","Up",1
"GO:0030029","actin filament-based process",239,0.436542992241472,1.73869443186114,6.0561575388015e-07,7.72281209347968e-05,5.73996236624934e-05,1178,"tags=47%, list=31%, signal=35%","2919/10630/3856/6356/51474/390/5144/23406/5074/9749/130271/2314/90102/114793/29766/6624/171024/7798/4650/55740/7171/10979/57381/2017/2252/10160/54361/5350/7082/57551/5048/85458/5062/7040/25/2697/136319/27032/148170/10096/1809/1730/8452/3688/829/55704/3636/9475/79778/2317/800/488/7094/84168/2195/23527/22902/5159/2885/29108/10611/23433/7184/961/4646/1265/11214/5339/476/5156/3845/4289/2316/5756/9564/998/4629/8837/811/81/8826/23191/7456/10395/65108/25959/22921/9948/9839/26258/3925/87/6444/4627/23022/10109/6093/3757/5358/406937/9037/51466/10015/10152/51429/6722/7170/6522/10092/4205/25802/5962","BP","Up",2
"GO:0030036","actin cytoskeleton organization",215,0.446342956235513,1.76719485320904,8.87047316163736e-07,9.25749934450717e-05,6.88061514379107e-05,1178,"tags=47%, list=31%, signal=35%","2919/3856/6356/51474/390/23406/5074/9749/130271/2314/90102/114793/29766/6624/171024/7798/55740/7171/10979/57381/2017/2252/10160/54361/7082/57551/5048/85458/5062/7040/25/136319/27032/148170/10096/1809/1730/8452/3688/829/55704/3636/9475/79778/2317/800/7094/84168/2195/22902/5159/2885/29108/10611/23433/7184/961/4646/1265/11214/5339/5156/3845/4289/2316/5756/9564/998/4629/8837/811/81/8826/23191/7456/10395/65108/25959/22921/9948/9839/26258/3925/87/4627/23022/10109/6093/5358/406937/9037/51466/10015/10152/51429/6722/7170/6522/10092/4205/25802/5962","BP","Up",2
"GO:0030055","cell-substrate junction",241,0.394676661709408,1.58823015349093,6.99247307222896e-05,0.003099384234033,0.00253199123924435,1386,"tags=47%, list=36%, signal=32%","9902/51474/390/3303/10672/4162/3685/975/2314/7414/6645/90102/171024/55740/4026/7171/9590/667/10979/8754/2017/4921/8895/7070/1756/85458/2697/3339/5605/5500/10096/54751/3688/7531/102/23164/2317/3678/3309/7094/2195/3987/4478/5159/3304/2022/7184/8675/1265/5339/3383/9019/6205/3845/7052/6237/2316/6235/5756/9564/23011/1213/998/950/811/81/3716/8826/23191/7534/10395/6168/1499/26136/91179/3672/10146/5786/26258/87/4627/23022/10109/7532/5034/51466/10015/10867/8649/6522/10092/5479/5962/4179/2274/6156/7431/6130/966/22919/7529/6176/79026/4659/118/10097/960/23603/71/5754/8650/1495/11078/6169","CC","Up",2
"GO:0030155","regulation of cell adhesion",193,0.4496607991546,1.75868638351263,7.35035465774422e-07,8.61072062475647e-05,6.39989834455749e-05,1349,"tags=59%, list=35%, signal=40%","10551/10630/7474/10808/8728/5074/3685/975/7402/7414/7422/90102/1604/7057/207/10979/8754/1277/4811/3572/2633/54361/7070/6659/7045/7082/6599/6777/23499/7040/25/5728/3339/5500/5371/5530/3516/5270/7412/3912/55824/102/10085/1021/51144/9475/3910/3678/340481/7094/3987/51441/29108/2022/3913/961/10725/57178/65125/7052/6237/23476/2316/55193/8654/23654/998/1051/972/3915/3133/811/3329/81/3716/3659/10395/23376/3105/5786/3122/1307/149041/10109/7532/6093/182/6347/9037/5034/7494/6722/8289/6522/2192/29117/11117/5962/4179/7048/1613/4313/26073/4659/10519/5562/5592/3280/861/960/23603/71/2335","BP","Up",2
"GO:0030175","filopodium",35,0.617846587559824,1.9422089043787,8.55675113618782e-05,0.003099384234033,0.00253199123924435,872,"tags=60%, list=23%, signal=47%","10630/3685/7402/6624/55740/10160/1778/1756/2683/7412/3688/3636/84168/2195/22902/4478/3093/4646/5756/998/23191","CC","Up",6
"GO:0030312","external encapsulating structure",158,0.495816829773627,1.91973211209177,4.20195129850876e-08,6.44299199104676e-06,5.26349688971097e-06,772,"tags=41%, list=20%, signal=34%","633/3960/7474/653808/183/8728/4237/7076/129080/2200/7373/9510/165/7422/23452/2/4017/23213/7057/667/1293/3320/1282/1284/1277/4811/25878/54361/1522/7045/2152/5118/1290/7078/7040/3339/127435/5654/1289/7837/4684/5270/3912/10085/51144/3910/8076/5351/8985/4060/4052/1075/3913/4016/7184/1292/1278/83716/1281/3383/3998/7052/1191/1462/5919","CC","Up",4
"GO:0030334","regulation of cell migration",263,0.430926612594448,1.72691952455906,3.86488695539726e-07,6.16062980690324e-05,4.57887396663118e-05,828,"tags=38%, list=22%, signal=32%","10630/7474/2247/183/6356/7076/7262/93649/10672/4162/3685/975/9510/7414/7422/3488/90102/2149/6648/23213/171024/7057/3091/4150/207/9590/10979/25836/8543/6774/2260/57381/8754/2252/659/3480/4921/8895/1277/54361/7423/7070/7082/2152/23499/7040/25/2697/10221/5728/127435/623/5764/4208/3554/394/5530/1809/55749/5270/3912/3688/102/253943/9475/10769/3910/3678/3309/2195/22902/4478/493/56034/5159/29108/2022/961/114882/1265/9043/2821/2771/1281/5156/65125/3383/6237/2316/8828/5919/26060/9564/8428/1602/23654/998/23625/972","BP","Up",1
"GO:0030335","positive regulation of cell migration",163,0.476788190620373,1.84477151560143,7.56274082475474e-07,8.61072062475647e-05,6.39989834455749e-05,863,"tags=44%, list=23%, signal=35%","10630/7474/2247/183/6356/4162/3685/9510/7422/3488/2149/6648/171024/7057/3091/4150/207/9590/10979/25836/6774/2260/57381/8754/2252/659/3480/4921/8895/1277/7423/7070/7082/2152/7040/25/623/5764/3554/394/5530/55749/3912/3688/102/9475/10769/3678/3309/2195/22902/56034/5159/29108/961/9043/2821/2771/5156/65125/3383/6237/2316/8828/5919/9564/998/23625/972/811/81","BP","Up",1
"GO:0030425","dendrite",123,0.43873179781321,1.66817702450252,0.000438604136395804,0.00917081376100319,0.00749194625326805,872,"tags=41%, list=23%, signal=33%","23345/6772/6546/3337/4535/2186/81926/10772/23095/85461/23394/3320/54407/2017/659/10752/22794/3572/10160/7070/6533/25/5728/267/5530/4076/257194/5727/3688/4926/102/10769/50807/55450/57120/5577/22902/10749/2771/5339/3192/3182/26058/94056/1191/2316/3326/998/9454/8087/23191","CC","Up",1
"GO:0030554","adenyl nucleotide binding",321,0.373628358405813,1.51577976421643,0.000107954282186432,0.00291990629913777,0.00219155309701779,1014,"tags=39%, list=27%, signal=31%","54625/10808/8653/56975/3303/8780/5144/57674/6059/6594/10746/91461/4650/207/23095/219/2260/3320/659/3480/4921/23137/5585/1778/1107/10294/57551/26973/5610/23/5062/3308/25/5605/27338/23049/4144/27032/10096/1660/7150/8566/55661/1453/4076/3306/28996/1981/10257/6196/1021/22836/1488/9475/10769/23405/10521/488/3309/8467/57062/5577/4830/7155/1454/4649/10749/493/22861/546/5159/3304/9188/5591/3336/2729/7184/3093/4646/3301/7328/92912/6890/9525/3192/476/19/5156/80205/65125/1487/51143/5756/5706/3326/9031/8428/9967/10606/10576/10694/8243/4629/7465/55308/9540/3329/3716/6240/9126/118424/84181/1106/7520/11056/1457/11325/64222/10146/22929/908/1452/90/170506/10730","MF","Up",3
"GO:0031012","extracellular matrix",158,0.495816829773627,1.91973211209177,4.20195129850876e-08,6.44299199104676e-06,5.26349688971097e-06,772,"tags=41%, list=20%, signal=34%","633/3960/7474/653808/183/8728/4237/7076/129080/2200/7373/9510/165/7422/23452/2/4017/23213/7057/667/1293/3320/1282/1284/1277/4811/25878/54361/1522/7045/2152/5118/1290/7078/7040/3339/127435/5654/1289/7837/4684/5270/3912/10085/51144/3910/8076/5351/8985/4060/4052/1075/3913/4016/7184/1292/1278/83716/1281/3383/3998/7052/1191/1462/5919","CC","Up",4
"GO:0031252","cell leading edge",132,0.44238883632548,1.69119707025204,7.90805137345488e-05,0.003099384234033,0.00253199123924435,1123,"tags=48%, list=29%, signal=35%","10630/51474/3685/130271/90102/6624/4650/55740/207/667/10979/8543/2017/23362/7070/23499/5048/25/10096/1809/4076/3688/55704/6453/2778/1021/3636/3678/7094/84168/2195/23527/4830/22902/6249/51177/4646/4289/5756/26060/9564/998/23625/2054/8826/23191/7456/10395/1499/26258/83442/8633/1500/87/4627/23022/10109/6093/5034/51466/5586/10152/51429","CC","Up",2
"GO:0031253","cell projection membrane",65,0.484781706378382,1.673168277927,0.001896524405953,0.022369262224061,0.0182742027780087,674,"tags=37%, list=18%, signal=31%","10630/51474/10672/3685/7402/6624/10979/3320/23362/7070/1756/6533/23499/2683/5727/3688/3678/7094/84168/4830/4478/51177/4646/2821","CC","Up",6
"GO:0032101","regulation of response to external stimulus",258,0.411857806867109,1.64893091864434,4.53931793421997e-06,0.000299971915955475,0.000222953438161452,990,"tags=40%, list=26%, signal=32%","7474/2247/3949/54625/183/8870/6772/7128/9975/3303/8780/975/7422/23369/90102/2149/6773/2/1604/81926/7057/331/207/26057/6774/2260/3320/659/3480/3572/2633/54361/7423/6777/2152/55870/5610/5062/7040/23180/10221/5728/5605/5764/4836/3554/5371/9258/1660/283131/54765/5270/7531/102/253943/2778/329/10769/9698/9180/55450/22861/51441/5159/2885/3304/9867/1075/29108/5591/961/3093/6421/5156/65125/26058/23476/2316/5919/114769/26060/8428/54476/3075/1051/972/8087/3133/811/3329/5515/7534/3428/3659/7520/23376/3105/10658/25939/79792/1535/837/5327/1452","BP","Up",1
"GO:0032553","ribonucleotide binding",398,0.349722598615246,1.43233263855205,0.000251114099784319,0.00594303369489555,0.00446057940406356,1044,"tags=37%, list=27%, signal=30%","115361/10808/8653/390/56975/3303/8780/5144/10672/57674/6059/6594/10746/84790/91461/4650/207/23095/25923/2260/57381/3320/659/3480/4921/23137/5585/2633/1778/1107/10294/57551/2935/26973/5610/23/5062/3308/25/5605/27338/2776/23049/4144/27032/10096/9258/1660/7150/8566/55661/1453/4076/3306/28996/1981/10257/2669/6196/2778/1021/22836/9475/10769/55684/23405/10521/488/3309/387496/8467/57062/5577/4830/7155/1454/4649/10749/493/22861/546/5159/3304/9188/5591/2770/3336/2729/23433/7184/3093/4646/3301/7328/2771/92912/6890/9525/3192/476/19/5156/80205/65125/3845/7052/6237/51143/5756/5706/3326/8654/23011/9031/8428/9967/10606/10576/998/10694/8243/4629/7465/55308/3329/3716/5908/6240/9126/118424/84181/1106/7520/11056/1457/11325/64222/10146/22929/25939/908/1452/90/170506/10730/51128/4627/2767/6093","MF","Up",3
"GO:0032555","purine ribonucleotide binding",395,0.35116388506791,1.43758983820057,0.000643615331091351,0.00959040607859855,0.00719813651192071,1044,"tags=38%, list=27%, signal=31%","115361/10808/8653/390/56975/3303/8780/5144/10672/57674/6059/6594/10746/84790/91461/4650/207/23095/25923/2260/57381/3320/659/3480/4921/23137/5585/2633/1778/1107/10294/57551/2935/26973/5610/23/5062/3308/25/5605/27338/2776/23049/4144/27032/10096/9258/1660/7150/8566/55661/1453/4076/3306/28996/1981/10257/2669/6196/2778/1021/22836/9475/10769/55684/23405/10521/488/3309/387496/8467/57062/5577/4830/7155/1454/4649/10749/493/22861/546/5159/3304/9188/5591/2770/3336/2729/23433/7184/3093/4646/3301/7328/2771/92912/6890/9525/3192/476/19/5156/80205/65125/3845/7052/6237/51143/5756/5706/3326/8654/23011/9031/8428/9967/10606/10576/998/10694/8243/4629/7465/55308/3329/3716/5908/6240/9126/118424/84181/1106/7520/11056/1457/11325/64222/10146/22929/25939/908/1452/90/170506/10730/51128/4627/2767/6093","MF","Up",3
"GO:0032559","adenyl ribonucleotide binding",292,0.400105139916248,1.61668087594852,4.07672340028936e-06,0.00048217222175762,0.00036189723834662,1014,"tags=41%, list=27%, signal=33%","10808/8653/56975/3303/8780/5144/57674/6059/6594/10746/91461/4650/207/23095/2260/3320/659/3480/4921/23137/5585/1778/1107/10294/57551/26973/5610/23/5062/3308/25/5605/27338/23049/4144/27032/10096/1660/7150/8566/55661/1453/4076/3306/28996/1981/10257/6196/1021/22836/9475/10769/23405/10521/488/3309/8467/57062/5577/4830/7155/1454/4649/10749/493/22861/546/5159/3304/9188/5591/3336/2729/7184/3093/4646/3301/7328/92912/6890/9525/3192/476/19/5156/80205/65125/51143/5756/5706/3326/9031/8428/9967/10606/10576/10694/8243/4629/7465/55308/3329/3716/6240/9126/118424/84181/1106/7520/11056/1457/11325/64222/10146/22929/908/1452/90/170506/10730","MF","Up",3
"GO:0033002","muscle cell proliferation",67,0.561825672662284,1.9373849099942,3.8964201464232e-06,0.000270038857104286,0.00020070576086038,425,"tags=36%, list=11%, signal=32%","2247/6772/7128/93649/10672/9510/3488/6648/7057/207/2260/659/3480/4921/6909/7040/25/2697/10221/5728/4208/10413/3516/1786","BP","Up",1
"GO:0035173","histone kinase activity",49,0.611661467477834,2.01606810450192,9.23170958382237e-06,0.000582623449290123,0.000437291506602113,1057,"tags=63%, list=28%, signal=46%","56975/8780/91461/207/2260/3480/4921/5585/57551/5610/5062/25/5605/23049/1453/28996/6196/9475/1454/5159/5591/5156/65125/9031/8428/7465/3716/1457/1452/6093/2931","MF","Up",3
"GO:0035175","histone H3S10 kinase activity",31,0.590208669085918,1.8067496030808,0.00106372461787273,0.00959040607859855,0.00719813651192071,1057,"tags=61%, list=28%, signal=45%","56975/8780/207/57551/5610/5062/23049/1453/28996/6196/9475/1454/5591/65125/8428/1457/1452/6093/2931","MF","Up",3
"GO:0035239","tube morphogenesis",244,0.448751765968379,1.79025248911765,2.62007177058664e-08,7.43326006389956e-06,5.52475348472493e-06,761,"tags=36%, list=20%, signal=30%","10551/5396/7474/2247/639/3949/183/6356/6772/7128/93649/2131/10672/57674/51330/4162/3685/9510/7422/4017/23213/29924/7057/7798/3091/207/25836/22905/8543/6774/2260/57381/1282/6909/1284/54361/7423/7070/6659/1522/7045/7082/8642/2152/7040/25/2697/3339/4853/2683/7127/4208/5371/6935/7837/4776/80184/10413/3516/5727/3688/90139/28996/2969/9475/10769/3164/3678/23576/493/5159/2022/961/196740/7716/6926/9525/1281/57178/5156/65125/3845/7052/6237/2316/8828/57493","BP","Up",1
"GO:0035295","tube development",300,0.441666143657645,1.78111607977662,1.36838510861771e-08,4.84712414030361e-06,3.60261389415025e-06,781,"tags=36%, list=20%, signal=31%","10551/5396/10630/7474/2247/639/3949/183/6356/6772/7128/93649/2131/2200/10672/4124/57674/51330/4162/3685/9510/7422/3488/4017/91461/23213/29924/7057/7798/3091/207/25836/22905/8543/6774/2260/57381/2252/659/1282/6909/1284/3572/54361/7423/7070/6659/1522/7045/7082/8642/2152/7040/25/2697/3339/4853/2683/5605/7127/4208/5371/6935/7837/4776/80184/10413/3516/5727/5270/3688/90139/28996/1981/2969/9475/10769/3164/10905/3678/8985/25937/23576/493/546/56034/5159/2022/961/196740/140467/7716/6926/9525/83716/1281/1889/57178/5156/65125/3845/7052/6237/2316/8828/57493/5919/339123","BP","Up",1
"GO:0035401","histone H3Y41 kinase activity",18,0.690024705859874,1.88229842568293,0.000500881653488931,0.00847204517740075,0.00635874406383859,864,"tags=67%, list=23%, signal=52%","91461/2260/3480/4921/5610/25/5605/5159/5156/9031/7465/3716","MF","Up",3
"GO:0035402","histone H3T11 kinase activity",33,0.594399557186421,1.83247405808702,0.00048396954941343,0.00847204517740075,0.00635874406383859,1057,"tags=61%, list=28%, signal=44%","56975/8780/207/5585/57551/5610/5062/23049/1453/28996/6196/9475/1454/5591/65125/8428/1457/1452/6093/2931","MF","Up",3
"GO:0035403","histone H3T6 kinase activity",31,0.590208669085918,1.8067496030808,0.00106372461787273,0.00959040607859855,0.00719813651192071,1057,"tags=61%, list=28%, signal=45%","56975/8780/207/57551/5610/5062/23049/1453/28996/6196/9475/1454/5591/65125/8428/1457/1452/6093/2931","MF","Up",3
"GO:0035639","purine ribonucleoside triphosphate binding",386,0.348122074350571,1.42470509961595,0.000504708273472705,0.00847204517740075,0.00635874406383859,1044,"tags=38%, list=27%, signal=31%","115361/10808/8653/390/56975/3303/8780/10672/57674/6059/6594/10746/84790/91461/4650/207/23095/25923/2260/57381/3320/659/3480/4921/23137/5585/2633/1778/1107/10294/57551/2935/26973/5610/23/5062/3308/25/5605/27338/2776/23049/4144/27032/10096/9258/1660/7150/8566/55661/1453/4076/3306/28996/1981/10257/2669/6196/2778/1021/22836/9475/10769/55684/23405/10521/488/3309/387496/8467/57062/4830/7155/1454/4649/10749/493/22861/546/5159/3304/9188/5591/2770/3336/2729/23433/7184/3093/4646/3301/7328/2771/92912/6890/9525/3192/476/19/5156/80205/65125/3845/7052/6237/51143/5756/5706/3326/23011/9031/8428/9967/10606/10576/998/10694/8243/4629/7465/55308/3329/3716/5908/6240/9126/118424/84181/1106/7520/11056/1457/11325/64222/10146/22929/25939/908/1452/90/170506/10730/51128/4627/2767/6093","MF","Up",3
"GO:0035979","histone H2AXS139 kinase activity",31,0.590208669085918,1.8067496030808,0.00106372461787273,0.00959040607859855,0.00719813651192071,1057,"tags=61%, list=28%, signal=45%","56975/8780/207/57551/5610/5062/23049/1453/28996/6196/9475/1454/5591/65125/8428/1457/1452/6093/2931","MF","Up",3
"GO:0036477","somatodendritic compartment",166,0.413657968039932,1.61355931179104,0.000474646876518681,0.00928109243949408,0.0075820366153304,1013,"tags=42%, list=27%, signal=32%","3949/23345/6772/6546/3337/4535/23369/2186/81926/10772/9590/23095/85461/23394/3320/54407/2017/9627/659/10752/3480/22794/3572/10160/7070/6533/5048/7040/25/5728/267/5530/7150/4076/257194/5727/3688/4926/102/10769/50807/55450/57120/5577/1454/22902/10749/29108/2771/5339/3192/3182/26058/94056/1191/2316/3326/998/9454/8087/23191/6240/5813/3672/10146/6158/170506/4040/8633/1500","CC","Up",1
"GO:0040011","locomotion",315,0.406164719818187,1.64157574778874,1.05858740352408e-06,0.000105461770076086,7.83842185964704e-05,828,"tags=36%, list=22%, signal=30%","2919/10630/7474/2247/183/6356/7076/7262/93649/10672/4162/3685/975/9510/7414/7422/3488/90102/2149/6648/23213/171024/7057/3091/4150/207/9590/10979/25836/8543/6774/2260/57381/8754/2252/659/3480/4921/8895/1277/9023/5585/54361/7423/7070/7082/2152/23499/7040/25/2697/10221/2717/5728/127435/623/5605/5764/4208/3554/57561/394/5530/1809/378938/55749/5270/7412/3912/3688/102/253943/1021/9475/10769/3164/3910/3678/3309/2195/22902/4478/493/56034/5159/3680/29108/2022/961/114882/1265/9043/2821/2771/5339/1281/5156/65125/3383/6237/2316/8828/5919/26060/9564/8428/1602/23654/1827/998/23625/972","BP","Up",1
"GO:0040012","regulation of locomotion",280,0.432469353477861,1.7384207059346,1.41591381486339e-07,2.82120827611531e-05,2.09685657714309e-05,828,"tags=38%, list=22%, signal=32%","10630/7474/2247/183/6356/7076/7262/93649/10672/4162/3685/975/9510/7414/7422/3488/90102/2149/6648/23213/171024/7057/3091/4150/207/9590/10979/25836/8543/6774/2260/57381/8754/2252/659/3480/4921/8895/1277/5585/54361/7423/7070/7082/2152/23499/7040/25/2697/10221/2717/5728/127435/623/5605/5764/4208/3554/57561/394/5530/1809/378938/55749/5270/3912/3688/102/253943/1021/9475/10769/3910/3678/3309/2195/22902/4478/493/56034/5159/29108/2022/961/114882/1265/9043/2821/2771/1281/5156/65125/3383/6237/2316/8828/5919/26060/9564/8428/1602/23654/998/23625/972","BP","Up",1
"GO:0040017","positive regulation of locomotion",170,0.474022913646895,1.8372997344958,4.14531799054267e-07,6.29298750183335e-05,4.67724851965491e-05,863,"tags=43%, list=23%, signal=35%","10630/7474/2247/183/6356/4162/3685/9510/7422/3488/2149/6648/171024/7057/3091/4150/207/9590/10979/25836/6774/2260/57381/8754/2252/659/3480/4921/8895/1277/7423/7070/7082/2152/7040/25/623/5605/5764/3554/394/5530/378938/55749/3912/3688/102/9475/10769/3678/3309/2195/22902/56034/5159/29108/961/9043/2821/2771/5156/65125/3383/6237/2316/8828/5919/9564/998/23625/972/811/81","BP","Up",1
"GO:0042127","regulation of cell population proliferation",435,0.398966234638461,1.63391600408002,8.92369364858018e-08,2.03205252511954e-05,1.51031837616195e-05,952,"tags=38%, list=25%, signal=32%","5396/2919/10630/7474/2247/639/183/6356/23345/7076/6772/7128/7262/93649/3303/5742/10672/5074/3685/4194/975/9510/7422/10135/3488/2149/6648/6773/1604/23213/7057/3091/331/4150/207/3667/10979/192669/6774/2260/2252/659/3480/4921/6909/3572/5585/7423/3727/6659/7082/3977/10294/6599/6777/4097/2152/51293/5610/7040/25/2697/10221/5728/3339/4853/127435/2683/5764/4208/5371/6935/394/5530/1660/283131/378938/10413/55749/3516/5727/5270/8452/7412/3912/3688/1786/102/28996/23543/4297/6196/55704/1021/5527/329/3636/1488/3164/23405/50809/29950/9180/5730/25937/9821/4830/23576/56034/5159/3304/29108/5591/2022/10763/10950/961/10549/826/1265/2771/6926/3192/84897/57178/5156/467/51237/3845/8935/25940/65980/8554/1191/2316/8828/55193/1487/9921/8654/1602/998/10443/1051/972/8837/3915/55109/3133/811/3659/10395/9500/444/65108/1499/25959/7027/26136/7520/23376/1457/3105/5813/10658/3672","BP","Up",1
"GO:0042641","actomyosin",46,0.514270484303239,1.70045479924156,0.00350395814607086,0.0350395814607086,0.0286250127722494,1089,"tags=52%, list=29%, signal=38%","51474/6624/171024/7798/4026/7171/667/10979/54776/85458/54751/79778/2317/800/10611/1265/4660/81/26258/87/4627/23022/51466/10015","CC","Up",2
"GO:0042826","histone deacetylase binding",46,0.536423808323544,1.75293071368503,0.000832942824783703,0.00959040607859855,0.00719813651192071,1243,"tags=61%, list=33%, signal=42%","93649/3303/3091/57708/25836/3320/6909/5585/122953/23468/4208/7531/9612/3304/3184/6421/26993/3326/1051/170506/602/3090/5586/5928/6722/4205/1108/7529","MF","Up",17
"GO:0042995","cell projection",459,0.339401766173695,1.40116518095162,0.000695664865194378,0.0123079168457467,0.0100547512904612,1044,"tags=37%, list=27%, signal=30%","10630/27020/23345/6772/51474/6546/5742/3337/10672/3685/130271/4535/7402/2314/7414/90102/2186/81926/6624/7798/4650/3091/55740/207/10772/667/10979/23095/5108/85461/23394/3320/54407/2017/659/10752/3480/22794/3572/10160/1778/23362/7070/7082/1756/4134/6533/23499/5048/7040/25/5728/3339/4853/23271/2683/2776/136319/267/5530/10096/1809/80184/1453/4076/4684/257194/5727/8452/7412/3688/4926/102/55704/6453/2778/1021/89796/3636/10769/79778/9698/50807/3678/4357/55450/7094/84168/2195/57120/23527/5577/4830/1454/4649/22902/10749/4478/91653/493/140735/9867/6249/84196/10611/51177/3093/4646/8411/2821/2771/5339/6926/3192/476/9497/5156/3182/4289/26058/94056/1191/152330/2316/8828/1462/22873/5756/26060/3326/9564/23011/2782/998/10694/23625/9454/2054/8087/3329/81/8826/23191/6240/7456/10395/1499/8481/23376/8842/9948/5813/1314/1452/3842/26258/6158/3925/170506/81846/83442/8633/1500/87/4627/2767/23022/10109/6093","CC","Up",1
"GO:0043005","neuron projection",250,0.352845481101006,1.42375258101287,0.00311457845498383,0.0318379130953903,0.026009462185479,1040,"tags=40%, list=27%, signal=31%","27020/23345/6772/6546/5742/3337/4535/2186/81926/6624/3091/10772/667/23095/85461/23394/3320/54407/2017/659/10752/3480/22794/3572/10160/1778/7070/1756/4134/6533/5048/7040/25/5728/3339/2776/136319/267/5530/1809/80184/4076/4684/257194/5727/3688/4926/102/6453/89796/10769/79778/9698/50807/4357/55450/57120/5577/1454/4649/22902/10749/91653/8411/2771/5339/3192/476/9497/3182/26058/94056/1191/152330/2316/8828/1462/3326/9564/23011/2782/998/9454/8087/8826/23191/23376/8842/5813/1314/26258/6158/3925/170506/81846/8633/1500/2767/23022/10109","CC","Up",1
"GO:0043235","receptor complex",58,0.474304830085675,1.62931919212728,0.00468070370203099,0.0430624740586851,0.0351791836131592,994,"tags=52%, list=26%, signal=39%","3949/5284/3685/3667/2260/659/3480/4921/3572/3597/3977/4853/3688/81491/329/3678/9180/5159/3680/2022/5156/2316/8828/3326/23654/972/3329/3672/5786/90","CC","Up",1
"GO:0043565","sequence-specific DNA binding",258,0.385344435580719,1.54855139057801,9.14774109031981e-05,0.00273469312594824,0.00205254024464239,1170,"tags=47%, list=31%, signal=35%","5396/639/6772/9975/7003/2063/6938/165/6773/2186/3091/4150/51450/5927/6774/23394/4094/1112/7705/6909/9745/253461/54816/122953/3727/1107/6659/1059/6777/4097/25/4853/23049/136319/4208/6935/1660/7150/4776/7025/10413/55749/3516/1786/4297/2114/3164/7507/54796/8609/2804/84146/79718/23135/8648/3184/140467/10725/7716/6926/6421/3192/84159/467/3182/26019/8554/988/23476/1998/339123/9921/112950/1390/1602/473/9967/1051/7586/3329/81/3659/7227/7707/2295/8531/7027/1106/22877/2300/22926/7520/1060/5989/5813/9839/7343/79811/1316/4784/6925/170506/5307/7067/3757/10923/5926/90993/4090/5981/3090/7494/7026/5928/55384/6722/64764/7005/1385/7257/29117/4205","MF","Up",7
"GO:0044022","histone H3S28 kinase activity",31,0.590208669085918,1.8067496030808,0.00106372461787273,0.00959040607859855,0.00719813651192071,1057,"tags=61%, list=28%, signal=45%","56975/8780/207/57551/5610/5062/23049/1453/28996/6196/9475/1454/5591/65125/8428/1457/1452/6093/2931","MF","Up",3
"GO:0044877","protein-containing complex binding",444,0.36322578615291,1.49457102803654,2.71101907273576e-05,0.00109989916665279,0.000825535883051114,1169,"tags=41%, list=31%, signal=32%","3856/2247/9902/3949/5284/23345/4237/51474/2200/7373/23406/10672/3685/6059/975/165/6594/7402/2314/9779/114793/6624/7057/7798/4650/7171/667/10979/25836/23505/8754/3320/3480/4921/4811/2633/23468/6892/7070/7045/4519/6599/5118/23499/5048/23/7040/25/5728/3339/127435/23271/1289/27338/2776/5764/267/5530/10096/1660/283131/4678/5727/7412/3688/7531/4926/102/829/253943/10085/2778/29927/64431/51144/329/1488/79778/23164/2317/3678/50809/9612/3309/7094/84168/23367/8467/4830/23480/7155/4649/4060/3680/2022/2770/3913/2729/8648/961/1292/4646/59345/1265/2771/5339/9525/3192/1281/19/5156/3383/3182/3845/6237/1191/23476/2316/22873/5756/26060/3326/2782/8243/4629/972/9147/8837/8087/3133/811/3329/81/8826/5908/23191/9126/55319/65108/8531/746/28985/7520/9948/3105/3672/10146/4676/3122/1307/26258/90/11198/87/24148/7067/4627/149041/2767/10109/91319/5358/5034/26135/3921/3964/23256/1291/10657/51429/5928/8289/7170/1655/6749/7257/2192/10092/5479/11117","MF","Up",2
"GO:0045178","basal part of cell",50,0.577694657747792,1.93762500324505,3.20915971053987e-05,0.00188390921280913,0.00153902880771822,952,"tags=54%, list=25%, signal=41%","10630/3949/975/90102/667/28232/8754/3320/659/7082/6533/2683/9843/10257/3636/4478/493/3680/476/9497/19/9454/2054/8826/9123/1499/3672","CC","Up",6
"GO:0045595","regulation of cell differentiation",396,0.394450393750306,1.60728108840651,5.13268843281374e-07,6.81792113492093e-05,5.06740423783497e-05,881,"tags=35%, list=23%, signal=30%","10630/7474/2247/639/3992/27020/3949/183/6356/10527/6772/9975/93649/56975/3303/2200/4124/6938/3685/7414/7422/3488/90102/6648/4017/91461/3091/207/26057/10979/5108/6774/23394/2260/659/4094/4921/1277/9745/4811/3572/54361/122953/2803/3727/1107/7070/6659/1756/6533/6599/6777/4097/1290/84376/23499/84300/5048/5610/85458/7040/25/2697/10221/5728/4853/5605/1289/5764/4208/6935/5530/4776/4076/10413/3516/55041/5727/5270/3912/3688/1786/4926/1981/1021/329/9475/23405/340481/10521/3638/8609/25937/51232/22902/91653/51441/3304/5591/2022/3913/8648/169200/22938/7716/9043/6926/56262/3192/57178/19/5156/3845/7052/65980/8554/94056/6237/23476/152330/55193/5919/3326/9921/8654/5725/23011/23654/10443/1051/972/3915/8087/811/5515/23191/3659/7227","BP","Up",1
"GO:0045597","positive regulation of cell differentiation",230,0.433274294418248,1.72060723463543,1.15091149181407e-06,0.000109246547686428,8.11972458700883e-05,1003,"tags=42%, list=26%, signal=33%","10630/2247/27020/183/10527/6772/93649/56975/3303/4124/6938/7422/6648/4017/91461/3091/207/10979/6774/23394/2260/659/4921/1277/4811/3572/54361/2803/3727/6659/1756/6533/6599/6777/23499/5048/7040/2697/10221/4853/5605/5764/4208/6935/5530/4076/10413/5727/5270/3912/3688/4926/1981/23405/25937/22902/91653/3304/5591/2022/3913/8648/169200/22938/7716/9043/56262/3192/57178/3845/7052/8554/94056/6237/23476/55193/5919/3326/8654/23011/23654/1051/972/3915/8087/23191/1499/7520/23376/8842/9839/3122/26258/90/6925/170506","BP","Up",1
"GO:0048514","blood vessel morphogenesis",185,0.466555092852057,1.82143132152844,5.02676987916619e-07,6.81792113492093e-05,5.06740423783497e-05,761,"tags=39%, list=20%, signal=33%","5396/7474/2247/639/3949/6356/6772/7128/93649/10672/57674/51330/4162/3685/9510/7422/4017/23213/29924/7057/3091/207/22905/6774/2260/57381/1282/6909/1284/54361/7423/7070/6659/7045/7082/2152/7040/25/2697/3339/4853/2683/7127/5371/7837/4776/10413/3516/3688/90139/28996/2969/9475/10769/3164/3678/23576/493/5159/2022/961/196740/7716/9525/1281/57178/5156/65125/7052/6237/2316/8828/57493","BP","Up",1
"GO:0048589","developmental growth",166,0.464362629108953,1.79732481063686,1.32118213027866e-06,0.000116600762896124,8.6663249448318e-05,908,"tags=40%, list=24%, signal=32%","10551/7474/2247/6356/7262/2131/7373/975/6881/7414/7422/23369/91461/207/25836/6774/23394/2260/2017/2252/659/4921/6909/2803/6777/23499/4683/5048/7040/25/2697/5728/4853/5764/136319/4208/5530/10413/3516/5727/3688/2778/54796/25937/22902/546/79718/10611/3913/23168/9043/5339/1281/57178/84159/10425/26058/8828/57493/23011/8837/8826/23191/5930/3475/1499/8531","BP","Up",1
"GO:0048639","positive regulation of developmental growth",48,0.614014287761909,1.98540853423944,4.40774658335003e-06,0.00029897651293021,0.000222213607147165,402,"tags=35%, list=11%, signal=32%","10551/2247/7422/23369/207/25836/23394/2260/659/6909/2803/6777/23499/5048/4208/10413/3516","BP","Up",1
"GO:0048646","anatomical structure formation involved in morphogenesis",302,0.432589276071358,1.74642368337329,2.79796489230849e-08,7.43326006389956e-06,5.52475348472493e-06,785,"tags=37%, list=21%, signal=32%","10630/7474/3856/2247/6356/4237/6772/7128/2131/56975/10672/57674/51330/4162/3685/975/9510/6881/2314/7422/90102/4017/29766/23213/29924/7057/7798/3091/207/7171/22905/85461/8543/6774/2260/57381/8754/659/1282/6909/1284/1277/5585/54361/7423/7070/7045/5350/7082/8642/2152/1290/5048/7040/25/2697/3339/4853/2683/5605/1289/7127/136319/4208/5371/7837/4776/80184/10413/3516/5727/8452/3912/3688/90139/28996/2114/2778/2969/9475/10769/3164/23405/3678/7110/23576/493/5159/2885/5591/2022/51177/23168/23135/961/196740/8912/7716/2821/11214/5339/6926/9525/1281/5156/65125/7052/6237/2316/8828/339123/2132","BP","Up",1
"GO:0048732","gland development",121,0.494866929740548,1.848039460666,1.75276830988963e-06,0.000147048036103372,0.000109293115389517,747,"tags=41%, list=20%, signal=34%","7474/2247/6356/55727/7128/2131/4124/6881/7422/3488/6648/23213/3091/207/8543/2260/2252/6909/4513/54361/6599/6777/55870/7040/25/2697/4853/5605/5764/5371/394/3516/5727/5270/8452/28996/340481/9612/4357/9821/4830/4478/8648/3184/6926/5156/84159/27122/26019/7052","BP","Up",1
"GO:0048870","cell motility",420,0.42069987562567,1.71836176582127,8.05115295386759e-10,8.55569187230996e-07,6.35899835058104e-07,828,"tags=35%, list=22%, signal=31%","10630/7474/2247/183/6356/7076/51474/7128/7262/93649/2131/10672/4162/3685/975/9510/7414/7422/3488/90102/2149/6648/114793/4017/23213/6624/171024/7057/3091/55740/4150/207/9590/667/10979/25836/5108/8543/6774/2260/57381/8754/3320/2017/2252/659/10752/3480/4921/8895/1277/9023/5585/54361/7423/7070/64083/7082/6777/8642/2152/23499/55870/5048/147495/85458/5062/7040/25/2697/10221/5728/127435/623/2683/5605/1289/5764/4208/3554/5371/394/5530/10096/1809/378938/55749/5270/8452/7412/3912/3688/7531/102/253943/55704/1021/89796/55660/9475/10769/3164/3910/3678/3074/7110/3309/2195/7155/22902/4478/493/56034/5159/3680/29108/2022/2770/51177/961/3301/114882/196740/1265/9043/2821/2771/5339/1281/57178/5156/84159/65125/3383/6237/2316/8828/1462/5919/22873/26060/9564/8428/1602/473/23654/998/23625/972","BP","Up",1
"GO:0050839","cell adhesion molecule binding",237,0.408250810970548,1.63466959226628,2.2068211994871e-05,0.000964211108698978,0.000723694401451235,1243,"tags=44%, list=33%, signal=32%","3875/2247/27020/6772/51474/7112/3303/2200/3337/4162/3685/56904/975/7402/7414/90102/114793/29766/6624/7057/667/10979/57488/22905/8754/2017/659/7070/7045/7082/3069/8642/23499/5062/3339/1289/5764/831/1453/7412/3688/7531/102/829/55082/10085/2801/23164/2317/50807/3678/800/3309/7094/392/23367/4478/3680/10611/3913/961/1265/5339/1281/3383/26058/152330/2316/5756/3326/8428/10606/10694/811/81/8826/7534/1499/26136/8842/3672/1307/90/1500/87/4627/23022/5034/26135/3921/3964/5586/6152/51429/2192/11117/5962/10006/9689/4179/4756/6130/22919/7529","MF","Up",2
"GO:0050840","extracellular matrix binding",21,0.66616606541286,1.87275510872612,0.00042178252570625,0.00847204517740075,0.00635874406383859,583,"tags=48%, list=15%, signal=41%","633/3685/7422/7057/8754/4811/7045/7837/3688/4052","MF","Up",4
"GO:0051015","actin filament binding",74,0.500572200345762,1.77443122989027,0.000274889501416439,0.0062454894721815,0.00468758939257507,1055,"tags=49%, list=28%, signal=36%","23345/51474/23406/2314/114793/6624/7798/4650/7171/10979/23499/25/10096/829/79778/23164/2317/7094/84168/4649/4646/1265/5339/2316/5756/4629/81/8826/23191/65108/9948/26258/87/4627/10109/5358","MF","Up",2
"GO:0051094","positive regulation of developmental process",336,0.393561799855403,1.59662878140147,2.84290011587994e-06,0.00021638199387307,0.000160825420394995,1070,"tags=40%, list=28%, signal=31%","10551/10630/7474/2247/27020/183/6356/10527/6772/93649/56975/6546/3303/4124/6938/7422/23369/90102/6648/55183/4017/91461/7057/3091/207/10979/25836/6774/23394/2260/8754/659/3480/4921/6909/1277/4811/3572/54361/2803/7423/3727/6659/7082/1756/6533/6599/6777/2152/23499/5048/7040/25/2697/10221/4853/5605/5764/4208/5371/6935/5530/4076/10413/3516/5727/5270/3912/3688/4926/28996/1981/23405/3678/25937/23576/22902/91653/3304/5591/2022/3913/8648/169200/22938/7716/9043/56262/3192/57178/65125/3845/7052/65980/8554/94056/6237/23476/2316/55193/5919/339123/3326/8654/23011/8428/23654/1051/972/3915/8087/55109/3716/23191/9500/1499/8531/7520/23376/8842/9839/3122/26258/90/6925/170506/8633/10730/22985/1893/182/406937/5926/9037","BP","Up",1
"GO:0051240","positive regulation of multicellular organismal process",385,0.419483957080348,1.70839576762874,9.49703664670105e-09,4.32522183281185e-06,3.21471120176302e-06,1070,"tags=42%, list=28%, signal=34%","10630/7474/2247/27020/10808/183/6356/4237/6772/93649/56975/6546/3303/8780/5144/4124/975/7422/2149/55183/4017/1604/91461/23213/7057/3091/331/5885/207/9590/10979/25836/6774/23394/2260/3320/2017/659/3480/4921/6909/1277/3572/1778/54361/2803/7423/7070/6659/7082/6599/6777/2152/51293/23499/5048/5610/7040/23180/25/2697/10221/4853/5605/5764/136319/4208/3554/5530/1660/4776/4076/10413/3516/257194/5270/7412/3688/4926/28996/2778/9475/23405/3678/7110/488/25937/23576/4060/22902/22861/56034/3304/1075/29108/9188/5591/2022/23135/8648/961/9235/169200/22938/476/57178/19/65125/23326/3845/7052/65980/6237/1191/23476/2316/57493/55193/5756/26060/339123/9921/8654/23011/23654/1051/972/11118/8087/55109/3133/3329/3716/23191/3428/3659/9500/6675/1499/8531/7520/23376/3105/10146/79792/1535/3122/5327/26258/90/170506/7067/22985/602/7532/1893/6093/2931/182/6347/406937/5926/9037","BP","Up",1
"GO:0051960","regulation of nervous system development",103,0.496568929695806,1.81554200105616,4.61060974962932e-06,0.000299971915955475,0.000222953438161452,940,"tags=43%, list=25%, signal=33%","7474/2247/27020/3949/6356/4124/7422/3091/207/5108/23394/659/3572/2803/7070/84376/23499/5048/7040/5728/5605/5764/5530/4776/4076/10413/5270/3688/23405/22902/51441/1075/22938/3845/7052/9921/23011/23654/8087/23191/3475/1499/7520/23376","BP","Up",1
"GO:0062023","collagen-containing extracellular matrix",142,0.513669521125227,1.98000706414501,2.43002049197989e-08,6.44299199104676e-06,5.26349688971097e-06,772,"tags=42%, list=20%, signal=35%","633/3960/7474/653808/183/8728/4237/7076/2200/7373/9510/165/23452/2/4017/23213/7057/667/1293/3320/1282/1284/1277/4811/25878/1522/7045/2152/5118/1290/7078/7040/3339/127435/5654/1289/7837/4684/5270/3912/10085/3910/8076/5351/8985/4060/4052/1075/3913/4016/7184/1292/1278/1281/3383/3998/7052/1191/1462/5919","CC","Up",4
"GO:0070161","anchoring junction",327,0.382936796738228,1.56482102222618,4.46386828309031e-05,0.00228153267802394,0.00186386079188683,1122,"tags=37%, list=29%, signal=29%","10630/3875/3856/9902/51474/390/6546/3303/1674/10672/8189/4162/3685/975/2314/7414/6645/7422/90102/29766/6624/171024/7798/55740/4026/207/7171/9590/667/10979/8754/2017/659/4921/8895/7070/7082/1756/55870/85458/5062/2697/3339/2683/5605/5500/5530/10096/5411/54751/10413/3688/7531/102/79778/23164/2317/3678/488/3309/7094/2195/25937/3987/22902/4478/5159/2885/3304/2022/10611/7184/8675/1265/5339/3383/9019/6205/3845/7052/6237/2316/57493/6235/5756/9564/23011/1213/998/950/811/81/3716/8826/5908/23191/7534/10395/6168/1499/8531/26136/9948/91179/3672/10146/5786/26258/1500/87/4627/23022/10109/7532/182/5034/51466/10015/5586/10867/8649/10152","CC","Up",2
"GO:0070851","growth factor receptor binding",32,0.594823546880695,1.826133406507,0.000507157237834373,0.00847204517740075,0.00635874406383859,706,"tags=50%, list=18%, signal=41%","10551/2247/27020/7422/2252/3572/7423/3554/55704/3678/6311/56034/5159/2885/29108/5156","MF","Up",15
"GO:0072359","circulatory system development",320,0.448519970267088,1.8133322120965,4.40618810911086e-10,8.55569187230996e-07,6.35899835058104e-07,781,"tags=36%, list=20%, signal=31%","5396/10630/7474/2247/639/3949/80114/6356/23345/6772/7128/93649/2131/6546/2200/7373/10672/57674/51330/4162/3685/4194/9510/7422/6648/4017/23213/29924/7057/7798/3091/207/26057/25836/22905/8543/6774/2260/57381/659/9321/3480/1282/6909/1284/1277/54361/7423/7070/6659/7045/5350/7082/8642/2152/163/7040/25/2697/5728/3339/4853/2683/5605/1289/7127/4208/5371/7837/4776/10413/3516/5727/7412/3688/1786/102/90139/28996/2969/9475/10769/3164/3678/84168/9821/23576/493/5159/5591/2022/10611/4016/23135/961/196740/25831/1278/7716/11214/5339/6926/9525/3192/1281/1889/57178/5156/65125/7052/6237/2316/8828/57493/22873/339123","BP","Up",1
"GO:0080134","regulation of response to stress",380,0.39473018542484,1.60551870630274,6.53271430426244e-07,8.01011276999564e-05,5.9534979347752e-05,990,"tags=36%, list=26%, signal=29%","10551/5396/7474/135112/2247/3949/54625/183/8870/6772/55031/7128/9975/3303/8780/3337/51330/975/6881/23369/90102/2149/6773/55183/2/81926/7057/331/207/26057/10979/6774/3320/54407/3480/4921/3572/2633/54361/7423/7070/6659/6599/6777/2152/57551/55870/4683/26973/5610/5062/7040/23180/25/5728/5605/5764/4208/3554/5371/267/5530/9258/1660/283131/7178/54765/5270/3688/7531/1981/253943/2778/329/9475/10769/754/9698/5514/9180/55450/3309/3638/23576/7155/493/22861/51441/2885/3304/9867/1075/29108/5591/624/961/3093/3301/6421/5156/23326/26058/1191/23476/2316/7913/55193/26060/2521/8428/54476/3075/1051/972/8087/3133/3329/5515/7534/3428/3659/8531/7336/22926/7520/23376/1457/3105/10658/25939/79792/1535/837/91304/5327/1452","BP","Up",1
"GO:0097367","carbohydrate derivative binding",489,0.378966606723403,1.56173065626295,8.32637080810338e-07,0.000236468930950136,0.000177483167225361,994,"tags=37%, list=26%, signal=31%","633/3960/2247/653808/115361/10808/8653/390/56975/3303/2200/8780/5144/10672/57674/6059/9510/6594/7422/10746/84790/91461/23213/7057/4650/207/23095/25923/2260/57381/3320/2252/659/3480/4921/23137/9406/7705/4811/5585/2633/1778/7423/1107/7070/10294/5118/57551/2935/5048/26973/5610/23/5062/3308/25/2717/5605/1289/27338/2776/23049/4144/5764/27032/10096/9258/1809/1660/7150/8566/55661/1453/4076/3306/5727/5270/28996/1981/10257/2669/6196/2778/1021/51144/22836/9475/10769/3164/55684/23405/10521/488/3309/387496/8467/57062/5577/4830/7155/1454/4649/2799/10749/493/22861/546/5159/3304/9188/5591/2022/2770/3336/2729/23433/7184/3093/4646/3301/7328/2821/2771/92912/6890/9525/83716/3192/476/19/5156/80205/65125/3845/7052/6237/8828/1462/51143/5756/5706/3326/8654/23011/9031/8428/9967/10606/10576/3075/998/10694/8243/4629/7465/55308/3329/81/3716/5908/6240/9126/118424/84181/5431/1106/91522/7520/66005/11056/1457/11325/64222/10146/22929/25939/11167/908/837/1452/90","MF","Up",3
"GO:0097435","supramolecular fiber organization",259,0.416911168696554,1.66961942802793,2.86017967770259e-06,0.00021638199387307,0.000160825420394995,1178,"tags=47%, list=31%, signal=35%","3856/3949/6356/51474/390/2131/3303/7373/1674/23406/5074/165/130271/2314/90102/4017/29766/6624/171024/7798/55740/7171/10979/5108/57381/2017/4921/1277/1778/54361/7082/4134/57551/1290/84376/5048/5062/25/3339/23271/1289/136319/148170/79649/7837/10096/1809/1453/1730/8452/3688/4926/829/55704/2801/3636/9475/79778/8076/800/5351/8985/7094/2195/4060/22902/5159/2885/3304/29108/6249/4016/23433/7184/961/4646/1265/1278/11214/5339/1281/5156/1191/2316/5756/3326/2521/9564/998/4629/8837/8826/79875/23191/7456/10395/65108/25959/22921/57606/9948/9839/26258/3925/87/10109/6093/5358/9037/51466/1291/10152/51429/6722/3837/7170/79709/10092/11117/4205/25802/5962","BP","Up",2
"GO:0097447","dendritic tree",123,0.43873179781321,1.66817702450252,0.000438604136395804,0.00917081376100319,0.00749194625326805,872,"tags=41%, list=23%, signal=33%","23345/6772/6546/3337/4535/2186/81926/10772/23095/85461/23394/3320/54407/2017/659/10752/22794/3572/10160/7070/6533/25/5728/267/5530/4076/257194/5727/3688/4926/102/10769/50807/55450/57120/5577/22902/10749/2771/5339/3192/3182/26058/94056/1191/2316/3326/998/9454/8087/23191","CC","Up",1
"GO:0097517","contractile actin filament bundle",43,0.523349759174147,1.71816709156063,0.00275294855916122,0.0294501473770735,0.0240588160494628,1085,"tags=53%, list=28%, signal=39%","51474/6624/171024/7798/4026/7171/667/10979/54776/85458/54751/79778/2317/800/10611/1265/4660/81/26258/87/4627/23022/51466","CC","Up",2
"GO:0098590","plasma membrane region",213,0.369889007040995,1.47918551146792,0.00224050725549108,0.0251373984762414,0.0205355863982109,796,"tags=31%, list=21%, signal=26%","10630/3856/27020/3949/23345/51474/26509/5144/10672/3685/975/7402/2149/81926/6624/3667/667/10979/28232/8754/3320/9627/659/3480/4921/5585/10160/23362/7070/7082/1756/6533/23499/2697/5728/2683/5727/3688/102/9843/10257/6453/2778/3636/3678/81611/9180/7094/84168/2195/4830/4478/493/5159/3680/51177/4646/2821/476/9497/19/4289/94056/8828/5756/9921/23011","CC","Up",6
"GO:0098794","postsynapse",182,0.440069822920151,1.73266224744431,8.83853816614097e-06,0.000813145511284969,0.000664285921118384,872,"tags=36%, list=23%, signal=29%","7474/27020/23345/6546/3337/10672/7402/23369/2149/81926/4650/55740/207/85461/2260/2017/2252/659/10160/23362/7070/1756/6533/163/85458/5062/25/5728/2776/4208/5530/257194/5727/8452/3688/8661/102/1981/50807/3678/81611/55450/57120/5577/140735/9867/10611/23673/3184/8411/476/4289/8554/94056/2316/8828/26060/9921/2521/998/9454/8087/811/81/23191","CC","Up",1
"GO:0098798","mitochondrial protein-containing complex",107,-0.394971738614864,-1.88075281308002,2.20044880652429e-05,0.00168701075166862,0.00137817583145469,1147,"tags=49%, list=30%, signal=35%","60488/25813/10989/64983/124995/11331/51023/4706/10245/56993/54534/29088/51642/292/54927/10573/51660/54460/6150/131118/25874/219927/65003/64981/196294/84545/26517/54948/9512/51073/29093/63875/65005/26515/51081/293/10469/92609/26519/64963/55173/128308/51116/28973/29074/64949/400916/51253/63931/55168/23479/79590","CC","Down",5
"GO:0098858","actin-based cell projection",51,0.552537289292793,1.85613958031235,0.000107979071381718,0.00331135818903936,0.00270515989356305,943,"tags=55%, list=25%, signal=42%","10630/3685/7402/6624/55740/10160/1778/1756/6533/5048/7040/2683/7412/3688/3636/84168/2195/22902/4478/3093/4646/9497/5156/5756/998/23191/1499/8842","CC","Up",6
"GO:0098862","cluster of actin-based cell projections",34,0.563816124656806,1.75997275332516,0.00297735170866796,0.0311268587724378,0.0254285779902981,759,"tags=41%, list=20%, signal=33%","51474/10672/2314/7414/3320/54407/8989/5048/2683/10096/2317/5339/9497/2316","CC","Up",11
"GO:0099080","supramolecular complex",381,0.354913022492791,1.45495265337781,0.000287393324621219,0.00695794364872424,0.00568417822104017,868,"tags=32%, list=23%, signal=27%","3875/3856/10808/9908/23345/4237/8653/51474/4154/6546/2200/1674/23406/8189/5074/7414/6645/23369/29766/84790/171024/7798/4650/7171/667/10979/23095/192669/1293/2017/9627/1282/1284/1277/22794/1778/23468/1756/4134/6599/1290/84376/23499/5048/2697/54867/23271/5605/1289/23049/348235/7072/5530/1809/1660/7150/5411/7178/1453/4076/1730/8452/4926/28996/1981/253943/8662/23112/2801/89796/1808/9475/10769/2317/9698/8076/800/27327/6311/57532/23367/4649/4060/10749/493/140735/4052/51441/23215/29108/6249/10611/10763/23433/4646/7871/1278/5339/4660/3192/1281/2009/3998/3182/26019/26058/2316/7913/55193/51143/5756/1213/10576/998/10694/8243/4629/55308/8087/81/8826/79875","CC","Up",2
"GO:0099081","supramolecular polymer",255,0.378492090547993,1.52411546095975,0.000315796147451859,0.00726331139139275,0.00593364340212177,883,"tags=34%, list=23%, signal=28%","3875/3856/10808/23345/4237/51474/6546/2200/1674/23406/5074/7414/6645/29766/84790/171024/7798/4650/7171/667/10979/23095/1293/2017/1282/1284/1277/1778/1756/4134/1290/84376/23499/5048/2697/54867/23271/5605/1289/348235/5530/1809/5411/7178/1453/1730/8452/4926/2801/89796/1808/2317/8076/800/4649/4060/10749/493/140735/4052/29108/6249/10611/10763/23433/4646/7871/1278/5339/4660/3192/1281/2009/3998/2316/7913/51143/5756/1213/10576/10694/4629/8087/81/8826/79875/7456","CC","Up",2
"GO:0099512","supramolecular fiber",253,0.371586014950475,1.4962432489058,0.00134851992412112,0.018936749802052,0.0154700679160928,883,"tags=34%, list=23%, signal=28%","3875/3856/10808/23345/4237/51474/6546/2200/1674/23406/5074/7414/6645/29766/84790/171024/7798/4650/7171/667/10979/23095/1293/2017/1277/1778/1756/4134/1290/84376/23499/5048/2697/54867/23271/5605/1289/348235/5530/1809/5411/7178/1453/1730/8452/4926/2801/89796/1808/2317/8076/800/4649/4060/10749/493/140735/4052/29108/6249/10611/10763/23433/4646/7871/1278/5339/4660/3192/1281/2009/3998/2316/7913/51143/5756/1213/10576/10694/4629/8087/81/8826/79875/7456","CC","Up",2
"GO:0120025","plasma membrane bounded cell projection",435,0.336236337229541,1.38238920606323,0.000910331242206267,0.0144397369453408,0.0117963068409306,1044,"tags=37%, list=27%, signal=31%","10630/27020/23345/6772/51474/6546/5742/3337/10672/3685/130271/4535/7402/2186/81926/6624/7798/4650/3091/55740/207/10772/667/10979/23095/5108/85461/23394/3320/54407/2017/659/10752/3480/22794/3572/10160/1778/23362/7070/1756/4134/6533/23499/5048/7040/25/5728/3339/4853/23271/2683/2776/136319/267/5530/10096/1809/80184/1453/4076/4684/257194/5727/8452/7412/3688/4926/102/55704/6453/2778/1021/89796/3636/10769/79778/9698/50807/3678/4357/55450/7094/84168/2195/57120/23527/5577/4830/1454/4649/22902/10749/4478/91653/493/140735/9867/6249/84196/51177/3093/4646/8411/2821/2771/5339/6926/3192/476/9497/5156/3182/4289/26058/94056/1191/152330/2316/8828/1462/22873/5756/26060/3326/9564/23011/2782/998/10694/23625/9454/2054/8087/3329/81/8826/23191/7456/10395/1499/8481/23376/8842/5813/1314/1452/3842/26258/6158/3925/170506/81846/83442/8633/1500/87/4627/2767/23022/10109/6093","CC","Up",1
"GO:0140110","transcription regulator activity",339,0.36238024360471,1.47587082633629,0.000303636598925903,0.00663329185345818,0.00497865678400771,1198,"tags=43%, list=31%, signal=32%","5396/639/54625/6772/9975/7003/93649/7091/3303/2063/3337/5074/6938/165/6773/3091/4150/57708/51450/5927/25836/8543/6774/23394/4094/1112/9321/7705/6909/9745/253461/54361/54816/23036/122953/3727/6659/6599/6777/4097/25/4853/10771/4208/5371/6935/1660/4776/7025/10413/55749/3516/3431/28996/23543/2114/329/2969/1488/3164/29950/10521/9612/8609/25937/11244/84146/79718/9774/8648/140467/22938/10725/7716/6926/3192/57178/84159/467/23326/8554/988/23476/1998/1487/112950/2521/1390/1602/473/9792/9967/10443/1051/221037/10153/7586/81/3659/7227/7707/9500/11168/2295/1499/7027/22877/2300/22926/5989/9318/5813/9839/1316/8148/4784/6925/5307/65056/7067/23429/602/55929/10923/90993/359948/4090/3090/7494/7026/55209/6722/64764/9440/7005/1385/8289/4848/29117/4205/8031/5978/7832/10424/148398","MF","Up",7
"GO:0140657","ATP-dependent activity",137,0.478795339495536,1.82148001062821,5.01815587969427e-06,0.00048217222175762,0.00036189723834662,1126,"tags=50%, list=29%, signal=37%","10808/8653/3303/57674/6059/6594/2186/4650/23095/3320/23137/1778/1107/23/3308/27032/1660/55661/3306/10257/89796/22836/23405/10521/488/3309/8467/57062/7155/4649/10749/493/22861/546/3304/9188/7184/4646/6890/9525/476/19/80205/5706/3326/10576/10694/8243/4629/55308/3329/9126/84181/1106/7520/11056/11325/64222/10146/55754/908/170506/10730/4627/22985/9879/5981/10054/5928","MF","Up",3
"GO:0140801","histone H2AXY142 kinase activity",18,0.690024705859874,1.88229842568293,0.000500881653488931,0.00847204517740075,0.00635874406383859,864,"tags=67%, list=23%, signal=52%","91461/2260/3480/4921/5610/25/5605/5159/5156/9031/7465/3716","MF","Up",3
"GO:0140993","histone modifying activity",97,0.53178004793106,1.94797240192615,4.13528409087628e-07,0.000234884136361773,0.000176293690189989,1086,"tags=53%, list=28%, signal=39%","56975/8780/6881/91461/207/5927/2260/3480/4921/5585/10217/57551/55870/5610/5062/25/5728/5605/23049/5500/5530/1453/28996/4297/6196/9475/23399/1454/5159/5591/23135/8648/5156/65125/23326/8520/7052/9031/80218/8428/7465/221037/3716/5515/1457/5786/1452/8073/6093/2931/5496","MF","Up",3
"GO:0140996","histone H3 kinase activity",49,0.611661467477834,2.01606810450192,9.23170958382237e-06,0.000582623449290123,0.000437291506602113,1057,"tags=63%, list=28%, signal=46%","56975/8780/91461/207/2260/3480/4921/5585/57551/5610/5062/25/5605/23049/1453/28996/6196/9475/1454/5159/5591/5156/65125/9031/8428/7465/3716/1457/1452/6093/2931","MF","Up",3
"GO:0141003","histone H2AX kinase activity",48,0.607166038662901,1.99514101673768,1.13304338777988e-05,0.000585062403871794,0.000439122078517563,1057,"tags=62%, list=28%, signal=46%","56975/8780/91461/207/2260/3480/4921/57551/5610/5062/25/5605/23049/1453/28996/6196/9475/1454/5159/5591/5156/65125/9031/8428/7465/3716/1457/1452/6093/2931","MF","Up",3
"GO:0141124","intracellular signaling cassette",459,0.380142693972566,1.55875005295768,8.7203897655363e-07,9.25749934450717e-05,6.88061514379107e-05,873,"tags=34%, list=23%, signal=30%","10551/10630/7474/2247/9908/183/55103/6356/6772/390/7128/6546/8780/3487/5144/10672/3685/975/7422/3488/2149/56937/10746/7057/4650/331/4150/57708/207/9590/3667/26057/10979/192669/6774/23394/2260/57381/8754/1293/2252/659/4094/3480/4921/64343/8989/10160/2633/54361/23362/7423/5350/1756/57551/1123/55870/5048/5610/5062/7040/25/2697/10221/5728/4853/5605/10771/4208/27032/5500/148170/5371/267/394/5530/9258/4776/54765/257194/5270/8452/3688/7531/28996/55704/6453/329/3636/9475/10769/51306/488/3309/80833/392/25937/9821/3987/5577/23576/4649/493/56034/5159/2885/9867/29108/9188/2022/23433/1292/10549/3301/114882/10725/1278/9043/2771/11214/1281/57178/19/5156/467/3383/3845/7052/6237/23476/2316/57493/114769/339123/8654/5725/23011/2782/1827/998/23625/1051/972/4925/9454/8837/8087/811/81/8826/5515/5908/64853/23191/7534","BP","Up",1
"GO:1990837","sequence-specific double-stranded DNA binding",227,0.39531417577745,1.57526052277057,0.000135513138573972,0.00349870285045528,0.00262597230250999,1170,"tags=49%, list=31%, signal=36%","5396/639/6772/9975/7003/2063/6938/165/6773/2186/3091/4150/51450/5927/6774/23394/4094/1112/7705/6909/9745/253461/54816/122953/3727/1107/6659/1059/6777/4097/25/4853/4208/6935/1660/7150/4776/7025/10413/55749/3516/2114/3164/7507/54796/8609/84146/79718/23135/8648/140467/10725/7716/6926/6421/3192/84159/467/3182/8554/988/23476/1998/339123/9921/112950/1390/1602/9967/1051/7586/3329/81/3659/7227/7707/2295/8531/7027/1106/22877/2300/22926/7520/1060/5989/5813/9839/7343/1316/4784/6925/170506/5307/7067/3757/10923/5926/90993/4090/3090/7494/7026/5928/55384/6722/64764/7005/1385/29117/4205","MF","Up",7
"GO:2000026","regulation of multicellular organismal development",348,0.397857583418523,1.6140951757971,2.91857770907842e-06,0.00021638199387307,0.000160825420394995,891,"tags=34%, list=23%, signal=29%","7474/2247/639/27020/3949/6356/10527/6772/7128/7262/56975/6546/3303/2200/7373/4124/9510/7414/7422/90102/4017/91461/23213/29924/7057/3091/207/9320/25836/5108/22905/6774/23394/2260/57381/659/4094/4921/6909/1284/3572/54361/2803/7423/7070/6659/7082/6599/6777/4097/2152/84376/23499/5048/7040/25/2697/10221/5728/3339/4853/5605/5764/4208/5371/6935/5530/4776/4076/10413/3516/5727/5270/3688/4926/102/90139/28996/1021/2969/9475/10769/23405/3910/3678/340481/8609/25937/23576/22902/493/51441/3304/1075/5591/2022/169200/22938/7716/6926/57178/65125/3845/7052/6237/23476/55193/339123/9921/23011/23654/1051/972/8087/55109/3716/23191/3659/7227/3475","BP","Up",1
"GO:2000145","regulation of cell motility",274,0.432635204201505,1.73851583310127,2.80236494032652e-07,4.96329968320052e-05,3.68896109980993e-05,828,"tags=38%, list=22%, signal=32%","10630/7474/2247/183/6356/7076/7262/93649/10672/4162/3685/975/9510/7414/7422/3488/90102/2149/6648/23213/171024/7057/3091/4150/207/9590/10979/25836/8543/6774/2260/57381/8754/2252/659/3480/4921/8895/1277/5585/54361/7423/7070/7082/2152/23499/7040/25/2697/10221/5728/127435/623/5605/5764/4208/3554/394/5530/1809/378938/55749/5270/3912/3688/102/253943/1021/9475/10769/3910/3678/3309/2195/22902/4478/493/56034/5159/29108/2022/961/114882/1265/9043/2821/2771/1281/5156/65125/3383/6237/2316/8828/5919/26060/9564/8428/1602/23654/998/23625/972","BP","Up",1
"GO:2000147","positive regulation of cell motility",168,0.477914253455126,1.85203380853474,1.63072124752394e-07,3.05808196300371e-05,2.27291240134761e-05,863,"tags=43%, list=23%, signal=35%","10630/7474/2247/183/6356/4162/3685/9510/7422/3488/2149/6648/171024/7057/3091/4150/207/9590/10979/25836/6774/2260/57381/8754/2252/659/3480/4921/8895/1277/7423/7070/7082/2152/7040/25/623/5605/5764/3554/394/5530/378938/55749/3912/3688/102/9475/10769/3678/3309/2195/22902/56034/5159/29108/961/9043/2821/2771/5156/65125/3383/6237/2316/8828/5919/9564/998/23625/972/811/81","BP","Up",1
